key,city,state,Lat,Lng
1,Anchorage,AK,61.2180556,-149.9002778
2,Bethel,AK,37.2518524,-95.2314827
3,Fairbanks,AK,64.8377778,-147.7163888
4,Juneau,AK,58.3019444,-134.4197221
5,Kenai,AK,60.5544444,-151.2583333
6,Soldotna,AK,60.4877778,-151.0583332
7,Wasilla,AK,61.5808763,-149.4410598
8,Alexander City,AL,32.944012,-85.9538532
9,Anniston,AL,33.6598257,-85.8316318
10,Atmore,AL,31.0237921,-87.4938708
11,Auburn,AL,32.6098566,-85.4807825
12,Bessemer,AL,51.4664459,-3.1979214
13,Birmingham,AL,52.486243,-1.890401
14,Chelsea,AL,41.4777843,19.5623193
15,Columbiana,AL,40.7902581,-80.7657804
16,Decatur,AL,33.7748275,-84.2963123
17,Dothan,AL,31.2232313,-85.3904888
18,Fairfield,AL,41.2559654,-73.3708696
19,Foley,AL,51.5193601,-0.1404257
20,Gadsden,AL,34.014264,-86.0066386
21,Huntsville,AL,34.7303688,-86.5861037
22,Irondale,AL,33.5381601,-86.7072102
23,Lineville,AL,33.3106696,-85.7544051
24,Mobile,AL,41.3213622,19.805832
25,Montgomery,AL,32.3792233,-86.3077368
26,Opelika,AL,32.6454116,-85.3782795
27,Springville,AL,40.1652335,-111.6107526
28,Talladega,AL,33.4359416,-86.1058048
29,Theodore,AL,39.6683946,20.8442162
30,Thorsby,AL,53.2273035,-114.0481118
31,Tuscaloosa,AL,33.2098407,-87.5691735
32,Batesville,AR,39.3000511,-85.222184
33,Bethel Heights,AR,36.2142438,-94.1293698
34,Conway,AR,-34.531805,-58.505856
35,Fayatteville,AR,35.0526641,-78.8783585
36,Fayetteville,AR,35.0526641,-78.8783585
37,Fayetville,AR,35.0526641,-78.8783585
38,Fort Smith,AR,35.3859242,-94.3985475
39,Harrison,AR,40.9700171,-73.7176337
40,Hatfield,AR,51.763366,-0.22309
41,Hot Springs,AR,34.5037004,-93.0551795
42,Little Rock,AR,34.7464809,-92.2895948
43,Lowell,AR,42.6334247,-71.3161718
44,Mountain Home,AR,43.1329504,-115.6911975
45,Norfork,AR,36.2095132,-92.284323
46,Paragould,AR,36.0584021,-90.4973286
47,Pine Bluff,AR,34.2284312,-92.0031955
48,Searcy,AR,35.2468204,-91.7336846
49,Springdale,AR,36.1867442,-94.1288141
50,Texarkana,AR,33.425125,-94.0476882
51,Camp Verde,AZ,34.5636358,-111.8543178
52,Cave Creek,AZ,33.8333716,-111.9507042
53,Chandler,AZ,33.3061605,-111.8412502
54,Flagstaff,AZ,35.1982836,-111.651302
55,Glendale,AZ,34.1425078,-118.255075
56,Mesa,AZ,33.4151843,-111.8314724
57,Nogales,AZ,31.3403775,-110.9342532
58,Peoria,AZ,40.6936488,-89.5889864
59,Phoenix,AZ,33.4483771,-112.0740373
60,Prescott,AZ,34.5400242,-112.4685025
61,Scottsdale,AZ,33.4941704,-111.9260519
62,Surprise,AZ,33.6292337,-112.3679279
63,Tempe,AZ,33.4255104,-111.9400054
64,Tucson,AZ,32.2226066,-110.9747108
65,Tuscon,AZ,32.2226066,-110.9747108
66,Valentine,AZ,35.38825,-113.65831
67,Agoura Hills,CA,34.1533395,-118.7616764
68,Alameda,CA,37.7798721,-122.2821855
69,Anaheim,CA,33.8365932,-117.9143012
70,Arcadia,CA,37.5557825,22.3337769
71,Arcata,CA,40.8665166,-124.0828396
72,Artesia,CA,50.8375023,-113.966757
73,Azusa,CA,34.1336186,-117.9075627
74,Bakersfield,CA,35.3732921,-119.0187125
75,Banning,CA,33.9255713,-116.8764103
76,Bell,CA,46.5175505,-84.3292388
77,Bellflower,CA,42.3768903,-85.6488168
78,Benicia,CA,38.049365,-122.1585777
79,Berkeley,CA,37.8715226,-122.273042
80,Berkeley,CA,37.8718992,-122.2585399
81,Beverly Hills,CA,34.0736204,-118.4003563
82,Bolinas,CA,37.9093702,-122.6863733
83,Buena Park,CA,33.8674044,-117.9981387
84,Burbank,CA,34.1808392,-118.3089661
85,Burlingame ,CA,37.5778696,-122.34809
86,Caliente,CA,44.4491891,-88.0569486
87,Camarillo,CA,34.2163937,-119.0376023
88,Cameron Park,CA,49.2542333,-122.9012049
89,Camp Pendleton,CA,45.6600195,-118.7805708
90,Canoga Park,CA,34.208254,-118.6058609
91,Capitola,CA,36.9752283,-121.953293
92,Carlsbad,CA,33.1580933,-117.3505939
93,Carmel,CA,36.5552386,-121.9232879
94,Chatsworth,CA,44.3716712,-80.8543847
95,Chico,CA,45.7219392,-73.6631762
96,Chula Vista,CA,32.6400541,-117.0841955
97,Clairmont,CA,55.2431912,-118.7945239
98,Claremont,CA,48.5159339,-123.3751858
99,Clovis,CA,36.8252277,-119.7029194
100,Concord,CA,43.798329,-79.5079073
101,Costa Mesa,CA,33.6638439,-117.9047429
102,Cotati,CA,38.3293416,-122.7096666
103,Covina,CA,34.0900091,-117.8903397
104,Culver City,CA,34.0211224,-118.3964665
105,Cupertino,CA,37.3229978,-122.0321823
106,Daly City,CA,37.6879241,-122.4702079
107,Dana Point,CA,33.4672256,-117.6981014
108,Danville,CA,45.7849952,-72.0145063
109,Davis,CA,49.6971225,-112.787507
110,Del Mar,CA,32.9594891,-117.2653146
111,Dinuba,CA,36.5432837,-119.3870656
112,Duarte,CA,43.2596882,-79.8477053
113,East Palo Alto,CA,37.4688273,-122.1410751
114,El Cajon,CA,32.7947731,-116.9625269
115,El Centro,CA,32.792,-115.5630514
116,El Monte,CA,34.0686206,-118.0275667
117,Elk Grove,CA,38.4087993,-121.3716178
118,Emeryville,CA,37.8395028,-122.2892278
119,Encinitas,CA,33.0369867,-117.2919818
120,Encino,CA,34.1517492,-118.5214282
121,Escondido,CA,33.1192068,-117.086421
122,Eureka,CA,48.8799647,-115.0535001
123,Exeter,CA,43.3472758,-81.4805653
124,Fairfield,CA,48.416956,-123.352104
125,Forestville,CA,48.7391752,-69.087641
126,Foster City,CA,37.5585465,-122.2710788
127,Fremont,CA,37.5485396,-121.988583
128,Fresno,CA,36.7377981,-119.7871247
129,Fullerton,CA,33.8703645,-117.9242123
130,Galt,CA,43.360053,-80.306239
131,Gardena,CA,43.7227031,-79.6852027
132,Glendale,CA,34.1425078,-118.255075
133,Grass Valley,CA,39.2190608,-121.0610606
134,Hayward,CA,43.5121602,-79.673623
135,Hollywood,CA,34.0928092,-118.3286614
136,Huntington Beach,CA,33.6594835,-117.9988026
137,Huntington Park,CA,43.2207152,-79.8292008
138,Idyllwild,CA,33.7467471,-116.7152556
139,Imperial Beach,CA,32.5839444,-117.1130849
140,Indio,CA,33.7205771,-116.2155619
141,Inglewood,CA,51.034201,-114.020136
142,Irvine,CA,33.6845673,-117.8265049
143,Kentfield,CA,37.9521465,-122.5571997
144,La Cañada Flintridge,CA,34.2068182,-118.2000277
145,La Jolla,CA,32.8328112,-117.2712717
146,La Mirada,CA,33.9172357,-118.0120086
147,Ladera Ranch,CA,33.550735,-117.6411717
148,Laguna Beach,CA,33.5427189,-117.7853568
149,Laguna Hills,CA,33.5916433,-117.6986604
150,Lake Forest,CA,42.2586342,-87.840625
151,Lakewood ,CA,50.4959985,-104.6661838
152,Lee Vining,CA,37.957592,-119.119943
153,Livermore,CA,37.6818688,-121.7684732
154,Livermore ,CA,37.6818688,-121.7684732
155,Lockwood,CA,51.6431633,-105.0127824
156,Lompoc,CA,34.6391501,-120.4579409
157,Long Beach,CA,33.7700504,-118.1937395
158,Loomis,CA,53.5566071,-113.6411002
159,Los Altos Hills,CA,37.3796627,-122.1374637
160,Los Angeles,CA,34.0522342,-118.2436849
161,Los Gatos,CA,37.2358078,-121.9623751
162,Madera,CA,36.9613356,-120.0607176
163,Manhattan Beach,CA,33.8847361,-118.4109089
164,Martinez,CA,40.429848,-104.703311
165,Menlo Park,CA,37.4529598,-122.1817252
166,Menlo Park ,CA,37.4529598,-122.1817252
167,Milipitas,CA,37.4323341,-121.8995741
168,Mill Valley,CA,37.9060368,-122.5449763
169,Milpitas,CA,37.4323341,-121.8995741
170,Mission Hills,CA,49.8356014,-119.5876532
171,Modesto,CA,37.6392595,-120.9970014
172,Monrovia,CA,34.1442616,-118.0019482
173,Monterey,CA,36.6002378,-121.8946761
174,Monterey Park,CA,51.0815903,-113.9291389
175,Mountain View,CA,37.3860517,-122.0838511
176,Napa,CA,53.5603909,-113.6199348
177,National City,CA,32.6781085,-117.0991967
178,Nevada City,CA,39.2615606,-121.0160594
179,Newport Beach,CA,33.6188829,-117.9298493
180,North Hollywood,CA,34.187044,-118.3812562
181,Novato,CA,38.1074198,-122.5697032
182,Oakland,CA,37.8043514,-122.2711639
183,Occidental,CA,52.976174,-122.497601
184,Oceanside ,CA,33.1958696,-117.3794834
185,Ojai,CA,34.4480495,-119.242889
186,Olema,CA,38.0407566,-122.7880459
187,Orange,CA,28.4844995,-81.2518833
188,Orange,CA,42.590354,-72.3097914
189,Oxnard,CA,34.1975048,-119.1770516
190,Pacific Grove,CA,36.6177374,-121.9166215
191,Pacoima,CA,34.2767691,-118.4104684
192,Palm Desert,CA,33.7222445,-116.3744556
193,Palm Springs,CA,33.8302961,-116.5452921
194,Palo Alto,CA,37.4418834,-122.1430195
195,Palos Verdes Estates,CA,33.8005714,-118.3900737
196,Pasadena,CA,34.1477849,-118.1445155
197,Paso Robles,CA,35.6368759,-120.6545022
198,Pescadero,CA,37.2551636,-122.3830152
199,Petaluma,CA,38.232417,-122.6366524
200,Pleasant Hill,CA,52.1242108,-106.6974248
201,Pleasanton,CA,37.6604484,-121.8757968
202,Pomona,CA,34.055103,-117.7499909
203,Potrero,CA,10.4580682,-85.7679461
204,Poway,CA,32.9628232,-117.0358646
205,Rancho Cordova,CA,38.5890723,-121.302728
206,Rancho Cucamonga,CA,34.1063989,-117.5931084
207,Rancho Mirage,CA,33.739744,-116.41279
208,Rancho Santa Fe,CA,33.020321,-117.202813
209,Redding,CA,40.5865396,-122.3916754
210,Redlands,CA,34.0555693,-117.1825381
211,Redwood City,CA,37.4852152,-122.2363548
212,Richmond,CA,49.1665898,-123.133569
213,Riverside,CA,53.1790196,-105.7498324
214,Rocklin,CA,38.7907339,-121.2357828
215,Rohnert Park,CA,38.3396367,-122.7010984
216,Roseville,CA,45.0060767,-93.1566107
217,Sacramento,CA,38.5815719,-121.4943996
218,Saint Helena,CA,-15.9650104,-5.7089241
219,Salida,CA,45.3566318,-93.8194173
220,Salinas,CA,36.6777372,-121.6555013
221,San Bernardino,CA,34.1083449,-117.2897652
222,San Carlos,CA,37.5071591,-122.2605222
223,San Clemente,CA,33.4273521,-117.6126004
224,San Diego,CA,32.715738,-117.1610838
225,San Dimas,CA,34.1066756,-117.8067257
226,San Francisco,CA,37.7749295,-122.4194155
227,San Fransisco,CA,37.7749295,-122.4194155
228,San Jacinto,CA,33.7839084,-116.958635
229,San José,CA,37.3382082,-121.8863286
230,San Jose,CA,37.3382082,-121.8863286
231,San Juan Capistrano,CA,33.5019027,-117.6627655
232,San Leandro,CA,37.7257663,-122.1568554
233,San Luis Obispo,CA,35.2827524,-120.6596156
234,San Marcos,CA,29.8832749,-97.9413941
235,San Marino,CA,43.94236,12.457777
236,San Mateo,CA,37.5629917,-122.3255254
237,San Pedro,CA,33.7360619,-118.2922461
238,San Rafael,CA,37.9735346,-122.5310874
239,San Ramon,CA,37.7643595,-121.9539616
240,Santa Ana,CA,33.7454725,-117.867653
241,Santa Barbara,CA,34.4208305,-119.6981901
242,Santa Clara,CA,37.3541079,-121.9552356
243,Santa Clarita,CA,34.3916641,-118.542586
244,Santa Cruz,CA,36.9741171,-122.0307963
245,Santa Monica,CA,34.0194543,-118.4911912
246,Santa Paula,CA,34.3541659,-119.0592705
247,Santa Rosa,CA,38.440429,-122.7140548
248,Saratoga,CA,43.0448483,-73.6300729
249,Sausalito,CA,37.8590937,-122.4852507
250,Scotts Valley,CA,37.0510595,-122.0146841
251,Sherman Oaks,CA,34.1489719,-118.451357
252,Signal Hill,CA,51.0218027,-114.1780703
253,Simi Valley,CA,34.2694474,-118.781482
254,Sonoma,CA,38.291859,-122.4580356
255,South Lake Tahoe,CA,38.939926,-119.9771868
256,Stinson Beach,CA,37.9004816,-122.6444263
257,Stockton,CA,37.9577016,-121.2907796
258,Studio City,CA,34.1395597,-118.3870991
259,Sunnyvale,CA,37.36883,-122.0363496
260,Sylmar,CA,34.3058279,-118.4571974
261,Tarzana,CA,34.1494848,-118.5506158
262,Temecula,CA,33.4936391,-117.1483648
263,Thousand Oaks,CA,34.1705609,-118.8375937
264,Trabuco Canyon,CA,33.6655081,-117.5869862
265,Truckee,CA,39.327962,-120.1832533
266,Tustin,CA,33.7420005,-117.8236391
267,Upland,CA,43.8247508,-79.4388184
268,Valencia,CA,39.4699075,-0.3762881
269,Valley Center,CA,33.2183701,-117.0341967
270,Van Nuys,CA,34.1898566,-118.451357
271,Venice,CA,45.4408474,12.3155151
272,Ventura,CA,43.6114244,-79.5269501
273,Ventura,CA,34.2804923,-119.2945199
274,Visalia,CA,36.3302284,-119.2920585
275,Vista,CA,56.661712,-111.133895
276,Walnut,CA,42.994777,-81.252545
277,Walnut Creek,CA,37.9100783,-122.0651819
278,Watsonville,CA,36.910231,-121.7568946
279,West Hollywood,CA,34.0900091,-118.3617443
280,Westlake Village,CA,34.1466467,-118.8073729
281,Whitewater,CA,49.4938756,-117.2936084
282,Winchester,CA,45.0887625,-75.3532867
283,Woodland Hills,CA,34.165357,-118.6089752
284,Yorba Linda,CA,33.8885035,-117.8132571
285,Arvada,CO,39.8027644,-105.0874842
286,Aspen,CO,39.1910983,-106.8175387
287,Aurora,CO,4.5206744,-74.121335
288,Avon,CO,4.6399092,-74.0647902
289,Basalt,CO,39.3688731,-107.0328241
290,Boulder,CO,40.0149856,-105.2705456
291,Castle Rock,CO,10.3848384,-75.4658459
292,Centennial,CO,39.5807452,-104.8771726
293,Colorado Springs,CO,38.8338816,-104.8213634
294,Cortez,CO,4.6292726,-74.0669281
295,Creede,CO,37.8491662,-106.9264345
296,Crested Butte,CO,38.8697146,-106.9878231
297,Denver,CO,39.7392358,-104.990251
298,Denver ,CO,39.7392358,-104.990251
299,Divide,CO,4.7109886,-74.072092
300,Durango,CO,24.0277202,-104.6531759
301,Englewood,CO,39.6477653,-104.9877597
302,Estes Park,CO,40.3772059,-105.5216651
303,Fort Collins,CO,40.5852602,-105.084423
304,Golden,CO,4.6157421,-74.1543871
305,Granby,CO,45.4032289,-72.7340662
306,Grand Junction,CO,39.0638705,-108.5506486
307,Greeley,CO,40.4233142,-104.7091322
308,Greenwood Village,CO,39.6172101,-104.9508141
309,Highlands Ranch,CO,39.5480789,-104.9739333
310,Keenesburg,CO,40.1083158,-104.5199585
311,Keystone,CO,39.6084419,-105.9436693
312,Lafayette,CO,30.2240897,-92.0198427
313,Lakewood,CO,29.7303278,-95.4346238
314,Littleton,CO,39.613321,-105.0166498
315,Longmont,CO,40.1672068,-105.1019275
316,Louisville,CO,38.2526647,-85.7584557
317,Loveland,CO,40.3977612,-105.0749801
318,Monument,CO,4.593847,-74.0750866
319,Palmer Lake,CO,39.1222138,-104.917204
320,Paonia,CO,38.8683204,-107.5920017
321,Parker,CO,4.6003158,-74.0745638
322,Pueblo,CO,4.5930219,-74.3690405
323,Ridgway,CO,38.1525873,-107.7556162
324,Silverthorne,CO,39.6296191,-106.0712941
325,Snowmass Village,CO,39.2130418,-106.9378207
326,Steamboat Springs,CO,40.4849769,-106.8317158
327,Telluride,CO,37.9374939,-107.8122852
328,USAF Academy,CO,38.9983094,-104.8613176
329,Vail,CO,39.6402638,-106.3741955
330,Westminster,CO,51.4974948,-0.1356583
331,Andover,CT,42.6583356,-71.1367953
332,Avon,CT,36.10512,-95.913989
333,Bloomfield,CT,40.8067546,-74.1854209
334,Bridgeport,CT,41.1792258,-73.1894384
335,Bristol,CT,41.6717648,-72.9492703
336,Brookfield,CT,39.0203139,-95.7641518
337,Cos Cob,CT,41.0340436,-73.5996472
338,Danbury,CT,41.394817,-73.4540111
339,Darien,CT,41.0771914,-73.4686858
340,East Hartford,CT,41.7634219,-72.6128339
341,Essex,CT,51.5742447,0.4856781
342,Fairfield,CT,41.1408363,-73.2612615
343,Gales Ferry,CT,41.4281979,-72.084541
344,Greenwich,CT,41.0262417,-73.6281964
345,Hamden,CT,41.3838782,-72.9026064
346,Hartford,CT,41.7658043,-72.6733723
347,Manchester,CT,53.4807593,-2.2426305
348,Middletown,CT,41.5623209,-72.6506488
349,Milford,CT,41.2306979,-73.064036
350,Mystic,CT,41.3542656,-71.966462
351,New Britain,CT,41.6612104,-72.7795419
352,New Canaan,CT,41.146763,-73.4948445
353,New Haven,CT,41.308274,-72.9278835
354,New London,CT,41.3556539,-72.0995209
355,Newington,CT,41.6972996,-72.7228293
356,North Stonington,CT,41.4409323,-71.8811827
357,Norwalk,CT,41.117744,-73.4081575
358,Norwich,CT,41.5242649,-72.0759105
359,Old Lyme,CT,41.3159315,-72.3289715
360,Old Saybrook,CT,41.2960159,-72.3845301
361,Ridgefield,CT,41.2840635,-73.4975412
362,Southbury,CT,41.4793072,-73.2133715
363,Southport,CT,33.921563,-78.0202677
364,Stamford,CT,41.0534302,-73.5387341
365,Stonington,CT,41.3358915,-71.9058854
366,Storrs,CT,41.8084314,-72.2495231
367,Stratford,CT,41.1845415,-73.1331651
368,Torrington,CT,41.8003049,-73.1211715
369,Trumbull,CT,41.2428563,-73.2006639
370,Wallingford,CT,41.4570108,-72.8230736
371,Waterbury,CT,41.5581525,-73.0514965
372,Wesport,CT,39.0569468,-94.5954715
373,West Hartford,CT,41.7620842,-72.7420151
374,Westport,CT,39.0569468,-94.5954715
375,Woodbridge,CT,40.5575986,-74.2846022
376, Washington,DC,47.7510741,-120.7401385
377,Washingotn,DC,47.7510741,-120.7401385
378,Washington,DC,47.7510741,-120.7401385
379,Washington ,DC,47.7510741,-120.7401385
380,Wasington,DC,38.9071923,-77.0368707
381,Hockessin,DE,39.7876112,-75.6966001
382,New Castle,DE,54.978252,-1.61778
383,Newark,DE,40.735657,-74.1723667
384,Wilmington,DE,34.2103894,-77.8868117
385, Miami,FL,25.7616798,-80.1917902
386,Altamonte Springs,FL,28.6611089,-81.3656242
387,Anna Maria,FL,27.5311474,-82.7334334
388,Apopka,FL,28.6934076,-81.5322149
389,Boca Raton,FL,26.3683064,-80.1289321
390,Bonita Springs,FL,26.339806,-81.7786972
391,Boynton Beach,FL,26.5317866,-80.0905465
392,Bradenton,FL,27.4989278,-82.5748194
393,Brandon,FL,45.9652386,-95.5986557
394,Casselberry,FL,28.677775,-81.3278455
395,Clearwater,FL,27.9658533,-82.8001026
396,Clermont,FL,28.5494447,-81.7728543
397,Cocoa,FL,28.3861159,-80.7419984
398,Coconut Creek,FL,26.2517482,-80.1789351
399,Coral Gables,FL,25.7491968,-80.2635411
400,Coral Springs,FL,26.271192,-80.2706044
401,Crystal River,FL,28.902479,-82.5926012
402,Dania Beach,FL,26.052311,-80.1439343
403,Davie,FL,26.0764783,-80.2521157
404,Daytona Beach,FL,29.2108147,-81.0228331
405,Deerfield Beach,FL,26.3184123,-80.0997657
406,Delray Beach,FL,26.4614625,-80.0728201
407,Doral,FL,25.8195424,-80.3553302
408,Englewood,FL,39.6477653,-104.9877597
409,Enterprise,FL,37.223958,-95.7304277
410,Eustis,FL,28.8527675,-81.6853534
411,Fernandina Beach,FL,30.6696818,-81.4625919
412,Fort  Lauderdale,FL,26.1224386,-80.1373174
413,Fort Lauderdale,FL,26.1224386,-80.1373174
414,Fort Meyers,FL,26.640628,-81.8723084
415,Fort Myers,FL,26.640628,-81.8723084
416,Fort Pierce,FL,27.4467056,-80.3256056
417,Fort Walton Beach,FL,30.4200708,-86.6170308
418,Ft. Lauderdale,FL,26.1224386,-80.1373174
419,Ft. Myers,FL,26.640628,-81.8723084
420,Ft. Pierce,FL,27.4467056,-80.3256056
421,Gainesville,FL,29.6516344,-82.3248262
422,Highland City,FL,40.4282634,-111.7887176
423,Hobe Sound,FL,27.059498,-80.1364323
424,Holiday,FL,28.18787,-82.7412
425,Hollywood,FL,34.0928092,-118.3286614
426,Immokalee,FL,26.4185248,-81.4174057
427,Indiantown,FL,27.0272756,-80.4856083
428,Jacksonville,FL,30.3321838,-81.655651
429,Jacksonville Beach,FL,30.2841224,-81.3961338
430,Jensen Beach,FL,27.2544906,-80.2297697
431,Juno Beach,FL,26.8797819,-80.0533743
432,Kissimmee,FL,28.2919557,-81.407571
433,Lake Mary,FL,28.7588833,-81.3178446
434,Lake Worth,FL,26.6167555,-80.0684479
435,Lakeland,FL,28.0394654,-81.9498042
436,Lakewood Ranch,FL,27.4117037,-82.4285151
437,Largo,FL,27.9094665,-82.7873244
438,Leesburg,FL,39.1156615,-77.5636015
439,Lehigh Acres,FL,26.6253497,-81.6248026
440,Lighthouse Point,FL,26.275636,-80.0872654
441,Live Oak,FL,30.2949457,-82.98402
442,Longwood,FL,39.871271,-75.6747203
443,Longwood,FL,40.8554327,-72.9224329
444,Madeira Beach,FL,27.7980814,-82.7973247
445,Maitland,FL,28.6277767,-81.3631244
446,Merritt Island,FL,28.3180688,-80.6659842
447,Miami,FL,25.7616798,-80.1917902
448,Miami Beach,FL,25.790654,-80.1300455
449,Miami Lakes,FL,25.9087056,-80.3086619
450,Naples,FL,26.1420358,-81.7948103
451,Naval Air Station Pensacola,FL,30.355674,-87.2883339
452,Niceville,FL,30.5168639,-86.482172
453,North Fort Myers,FL,26.6672935,-81.8800861
454,North Miami Beach,FL,25.9331488,-80.1625463
455,North Naples,FL,26.2670045,-81.7896381
456,North Palm Beach,FL,26.8171165,-80.0590804
457,Ocala,FL,29.1871986,-82.1400923
458,Okeechobee,FL,27.2439349,-80.8297828
459,Orlando,FL,28.5383355,-81.3792365
460,Osprey,FL,40.7022854,-73.9955827
461,Oviedo,FL,28.669997,-81.2081203
462,Palatka,FL,29.6485801,-81.6375819
463,Palm Bay,FL,28.0344621,-80.5886646
464,Palm Beach,FL,26.7056206,-80.0364297
465,Palm Beach Gardens,FL,26.8396096,-80.1019144
466,Palm City,FL,27.1678268,-80.2661591
467,Palm Harbor,FL,28.0780718,-82.7637127
468,Palmetto,FL,27.5214269,-82.5723193
469,Palmetto Bay,FL,25.6217715,-80.3247748
470,Panama City,FL,30.1588129,-85.6602058
471,Pemboke Pines,FL,26.007765,-80.2962555
472,Pembroke Park,FL,25.9847308,-80.1752738
473,Pensacola,FL,30.421309,-87.2169149
474,Pinellas Park,FL,27.8428025,-82.6995443
475,Plant City,FL,28.0186323,-82.1128641
476,Plantation,FL,26.1275862,-80.2331036
477,Polk City,FL,41.7713764,-93.7129997
478,Pompano Beach,FL,26.2378597,-80.1247667
479,Port Charlotte,FL,26.9761707,-82.0906448
480,Riviera Beach,FL,26.7753405,-80.0580969
481,Saint Petersburg,FL,59.9310584,30.3609096
482,Sanford,FL,43.5355194,-96.7432104
483,Sanibel,FL,26.4489695,-82.0223137
484,Sarasota,FL,27.3364347,-82.5306527
485,Seminole,FL,35.2245201,-96.670573
486,Shalimar,FL,32.8383601,-96.9785051
487,St. Augustine,FL,29.9012437,-81.3124341
488,St. Petersburg,FL,27.7676008,-82.6402915
489,Stuart,FL,27.197548,-80.2528257
490,Sunrise,FL,38.9566722,-95.2310194
491,Surfside,FL,36.1410664,-95.906181
492,Tallahassee,FL,30.4382559,-84.2807329
493,Tampa,FL,27.950575,-82.4571776
494,Tampa ,FL,27.950575,-82.4571776
495,Titusville,FL,28.6122187,-80.8075537
496,Venice,FL,45.4408474,12.3155151
497,Vero Beach,FL,27.6386434,-80.3972736
498,Wauchula,FL,27.5472589,-81.8114715
499,Wellington,FL,-41.2864603,174.776236
500,West Palm Beach,FL,26.7153424,-80.0533746
501,Weston,FL,26.1003654,-80.3997748
502,Wilton Manors,FL,26.1603626,-80.138934
503,Winter Garden,FL,28.5652787,-81.5861847
504,Winter Haven,FL,28.0222435,-81.7328567
505,Winter Park,FL,39.8916537,-105.7630624
506,Albany,GA,42.6525793,-73.7562317
507,Alpharetta,GA,34.0753762,-84.2940899
508,Americus,GA,32.0723861,-84.2326876
509,Athens,GA,37.9838096,23.7275388
510,Atlanta,GA,33.7489954,-84.3879824
511,Augusta,GA,33.4734978,-82.0105148
512,Bogart,GA,42.4453137,19.2561256
513,Brunswick,GA,31.1499528,-81.4914894
514,Buford,GA,34.1206564,-84.0043513
515,Carrollton,GA,32.9756415,-96.8899636
516,Chamblee,GA,33.8920468,-84.2988126
517,Clayton,GA,55.4015663,10.3581341
518,Columbus,GA,39.9611755,-82.9987942
519,Covington,GA,33.5967815,-83.8601827
520,Cumming,GA,34.2073196,-84.1401926
521,Dalton,GA,-29.3421175,30.6300567
522,Decatur,GA,33.7748275,-84.2963123
523,Duluth,GA,46.7866719,-92.1004852
524,Dunwoody,GA,33.9462125,-84.3346473
525,Ellijay,GA,34.6948076,-84.4821498
526,Fayetteville,GA,35.0526641,-78.8783585
527,Flowery Branch,GA,34.1851017,-83.9251809
528,Gainesville,GA,29.6516344,-82.3248262
529,Gainsville,GA,29.6516344,-82.3248262
530,Griffin,GA,51.5248099,-0.0820411
531,Hamilton,GA,43.2557206,-79.8711024
532,Lawrenceville,GA,33.9562149,-83.9879625
533,Lilburn,GA,33.8901036,-84.1429719
534,Locust Grove,GA,33.3459495,-84.109083
535,Mableton,GA,33.8187167,-84.5824329
536,Macon,GA,32.8406946,-83.6324022
537,Madison,GA,43.0730517,-89.4012302
538,Marietta,GA,33.952602,-84.5499327
539,Milton,GA,43.5182991,-79.8774042
540,Moultrie,GA,31.1799407,-83.7888387
541,Norcross,GA,33.9412127,-84.2135309
542,Peachtree Corners,GA,33.9698809,-84.2214706
543,Pendergrass,GA,36.175604,-80.344406
544,Powder Springs,GA,33.8595491,-84.683824
545,Ringgold,GA,40.2116395,-79.9975916
546,Rosewell,GA,55.851044,-3.136254
547,Roswell,GA,33.3942655,-104.5230242
548,Sandy Springs,GA,33.9304352,-84.3733147
549,Savannah,GA,32.0808989,-81.091203
550,Scottdale,GA,40.1003506,-79.5869834
551,Smryna,GA,33.8839926,-84.5143761
552,Statesboro,GA,32.4487876,-81.7831674
553,Stockbridge,GA,51.116603,-1.484301
554,Stone Mountain,GA,33.8081608,-84.170196
555,Thomasville,GA,35.8826369,-80.0819879
556,Union City,GA,37.5933562,-122.0438609
557,Valdosta,GA,30.8327022,-83.2784851
558,Vidalia,GA,32.2176855,-82.4134614
559,Warner Robins,GA,32.6130007,-83.624201
560,Hilo,HI,19.7241106,-155.0868193
561,Honolulu,HI,21.3069444,-157.8583333
562,Kahului,HI,20.8893351,-156.4729469
563,Kalaheo,HI,21.9286111,-159.5302778
564,Wai'anae,HI,21.4359641,-158.1848755
565,Wailuku,HI,20.8911111,-156.5047222
566,Waipahu,HI,21.3866667,-158.0091667
567, Sioux City,IA,42.4963416,-96.4049408
568,Ames,IA,42.0307812,-93.6319131
569,Bettendorf,IA,41.5262641,-90.5072573
570,Cedar Rapids,IA,41.9778795,-91.6656232
571,Clear Lake,IA,39.0581905,-122.831015
572,Colfax,IA,39.1007298,-120.9532759
573,Coralville,IA,41.6822756,-91.5960643
574,Davenport,IA,41.5236437,-90.5776367
575,Decorah,IA,43.3033056,-91.7857092
576,Des Moines,IA,41.5868353,-93.6249593
577,Dubuque,IA,42.5022661,-90.6654675
578,Elk Horn,IA,42.6727927,-88.5445447
579,Grimes,IA,41.6883646,-93.7925199
580,Iowa City,IA,41.6611277,-91.5301683
581,Marion,IA,35.6840131,-82.0092745
582,Monticello,IA,38.0086043,-78.4531994
583,SE Cedar Rapids,IA,41.9778795,-91.6656232
584,Sioux City,IA,42.4963416,-96.4049408
585,Union,IA,37.03543,-95.6412965
586,Urbandale,IA,41.6266555,-93.7121656
587,Waterloo,IA,42.492786,-92.3425775
588,Waukee,IA,41.6119903,-93.8855768
589,Bellevue,ID,47.6101497,-122.2015159
590,Boise,ID,43.6150186,-116.2023137
591,Garden City,ID,-6.1657942,106.9657394
592,Hailey,ID,51.813902,-1.491223
593,Idaho Falls,ID,43.4926607,-112.0407584
594,Ketchum,ID,18.9381139,72.8383899
595,Post Falls,ID,47.7179578,-116.9515856
596,Sagle,ID,48.2031124,-116.5655585
597,Sun Valley,ID,43.6971294,-114.3517172
598,Arlington Heights,IL,42.0883603,-87.9806265
599,Aurora,IL,32.0522733,34.7773332
600,Berwyn,IL,41.8505874,-87.7936685
601,Bloomington,IL,39.165325,-86.5263857
602,Bolingbrook,IL,41.6986416,-88.0683955
603,Brookfield,IL,51.8989071,-8.4640123
604,Burbank,IL,34.1808392,-118.3089661
605,Carol Stream,IL,41.9125286,-88.1347927
606,Champaign,IL,40.1164204,-88.2433829
607,Chicago,IL,41.8781136,-87.6297982
608,Crete,IL,35.240117,24.8092691
609,Crystal Lake,IL,42.2411344,-88.3161965
610,Decatur,IL,33.7748275,-84.2963123
611,Downers Grove,IL,41.8089191,-88.0111746
612,East Moline,IL,41.5008673,-90.4442979
613,Elgin,IL,57.649454,-3.318485
614,Elk Grove Village,IL,42.0039178,-87.9703461
615,Evanston,IL,42.0450722,-87.6876969
616,Geneva,IL,46.2043907,6.1431577
617,Glen Ellyn,IL,41.8775293,-88.0670118
618,Glencoe,IL,56.6825599,-5.1022713
619,Glenview,IL,42.0778065,-87.8223368
620,Glenwood,IL,39.5505376,-107.3247762
621,Golf,IL,31.2418276,34.8122825
622,Grayslake,IL,42.3444664,-88.041746
623,Gridley,IL,39.3637773,-121.6935833
624,Gurnee,IL,42.3702996,-87.9020186
625,Harvey,IL,31.7798552,35.221079
626,Highland Park,IL,58.9687304,-2.9554308
627,Hoffman Estates,IL,42.0629915,-88.1227199
628,Itasca,IL,41.9750287,-88.0072909
629,Joliet,IL,41.525031,-88.0817251
630,LaGrange,IL,32.7767783,35.0231271
631,Lake Forest,IL,42.2586342,-87.840625
632,Lake Zurich,IL,42.1969689,-88.0934108
633,Lindenhurst,IL,40.6867667,-73.3734547
634,Lisle,IL,41.801141,-88.0747875
635,Loves Park,IL,42.3200189,-89.0581621
636,Naperville,IL,41.7508391,-88.1535352
637,Normal,IL,32.0866665,34.8032517
638,Northbrook,IL,42.1275267,-87.8289548
639,Northfield,IL,44.4582983,-93.161604
640,Oak Brook,IL,41.8397865,-87.9535534
641,Oak Park,IL,41.8850317,-87.7845025
642,Palatine,IL,42.1103041,-88.03424
643,Palos Heights,IL,41.6680885,-87.7964416
644,Park Ridge,IL,42.0111412,-87.8406192
645,Peoria,IL,40.6936488,-89.5889864
646,Riverwoods,IL,42.1675254,-87.897014
647,Rockford,IL,42.2711311,-89.0939952
648,Rolling Meadows,IL,42.0841936,-88.0131275
649,Rosemont,IL,41.9867507,-87.8721602
650,Schaumburg,IL,42.0333607,-88.0834059
651,Skokie,IL,42.0324025,-87.7416246
652,South Elgin,IL,41.9941938,-88.2922996
653,Springfield,IL,32.0994945,34.8271012
654,St. Charles,IL,38.7881062,-90.4974359
655,Streamwood,IL,42.0255827,-88.1784085
656,Sycamore,IL,32.0656535,34.7799753
657,Tinley Park,IL,41.5731442,-87.7932939
658,Urbana,IL,40.1105875,-88.2072697
659,Villa Park,IL,41.8897519,-87.9889543
660,Waukegan,IL,42.3636331,-87.8447938
661,Western Springs,IL,41.8097532,-87.9006155
662,Wheaton,IL,41.8661403,-88.1070127
663,Winnetka,IL,42.1080834,-87.735895
664,Woodridge,IL,41.7469749,-88.0503406
665,Worth ,IL,32.0626642,34.7852965
666,Anderson,IN,40.1053196,-85.6802541
667,Auburn,IN,32.6098566,-85.4807825
668,Bedford,IN,52.1359783,-0.4666513
669,Bloomington,IN,39.165325,-86.5263857
670,Bluffton,IN,32.2371465,-80.8603868
671,Bristol,IN,51.454513,-2.58791
672,Brownsburg,IN,39.8433769,-86.3977735
673,Columbus,IN,17.4488464,78.3558279
674,Crown Point,IN,41.4169806,-87.3653135
675,Danville,IN,37.8215929,-121.9999606
676,Elkhart,IN,41.6819935,-85.9766671
677,Evansville,IN,37.9715592,-87.5710898
678,Evansvillle,IN,37.9715592,-87.5710898
679,Fort Wayne,IN,41.079273,-85.1393513
680,Franklin,IN,28.6307909,77.2243039
681,Gary,IN,21.4069373,81.3587035
682,Goshen,IN,41.5822716,-85.8344383
683,Griffith,IN,13.0953691,77.5973417
684,Indianapolis,IN,39.768403,-86.158068
685,Kokomo,IN,40.486427,-86.1336033
686,Lafayette,IN,30.2240897,-92.0198427
687,Marion,IN,-35,138.552
688,Merrillville,IN,41.4828144,-87.3328139
689,Muncie,IN,40.1933767,-85.3863599
690,Munster,IN,51.9606649,7.6261347
691,New Paris,IN,41.5033572,-85.8307059
692,Noblesville,IN,40.0455917,-86.0085955
693,Schererville,IN,41.4789246,-87.4547605
694,South Bend,IN,41.6763545,-86.2519898
695,Terre Haute,IN,39.4667034,-87.4139092
696,Valparaiso,IN,-33.047238,-71.6126885
697,Warsaw,IN,52.2296756,21.0122287
698,Winona Lake,IN,41.2272668,-85.8219345
699,Bunker Hill,KS,45.2024832,-93.2885685
700,Garden City,KS,43.6221108,-116.2381744
701,Hutchinson,KS,38.0608445,-97.9297743
702,Kansas City,KS,39.0997265,-94.5785667
703,Lawrence,KS,38.9716689,-95.2352501
704,Leawood,KS,38.966673,-94.6169012
705,Lenexa,KS,38.9536174,-94.7335709
706,Manhattan,KS,40.7830603,-73.9712488
707,Meade,KS,37.2855796,-100.3401456
708,Merriam,KS,39.0236165,-94.6935701
709,Mission,KS,37.0391825,-95.6142992
710,Newton,KS,42.3370413,-71.2092214
711,Olathe,KS,38.8813958,-94.8191285
712,Overland Park,KS,38.9822282,-94.6707917
713,Salina,KS,38.8402805,-97.6114237
714,Shawnee,KS,35.3272928,-96.9253004
715,Topeka,KS,39.0473451,-95.6751576
716,Wichita,KS,37.6871761,-97.330053
717,Witchita,KS,37.6871761,-97.330053
718,Berea,KY,37.568694,-84.2963223
719,Bowling Green,KY,41.3797788,-83.6300826
720,Clermont,KY,28.5494447,-81.7728543
721,Cold Spring,KY,41.4200937,-73.954583
722,Covington,KY,49.881222,-119.55291
723,Dry Ridge,KY,38.6820122,-84.5899426
724,Emmalena,KY,37.3342633,-83.0743342
725,Frankfort,KY,38.2009055,-84.8732835
726,Lexington,KY,38.0405837,-84.5037164
727,Lexington ,KY,38.0405837,-84.5037164
728,London,KY,51.5073509,-0.1277583
729,Louisville,KY,38.2526647,-85.7584557
730,Louisville ,KY,38.2526647,-85.7584557
731,Lousiville,KY,38.2526647,-85.7584557
732,Nicholasville,KY,37.8806341,-84.5729961
733,Owensboro,KY,37.7719074,-87.1111676
734,Paducah,KY,37.0833893,-88.6000478
735,Paintsville,KY,37.8145384,-82.8071054
736,Petersburg,KY,59.9310584,30.3609096
737,Scottsville,KY,37.798754,-78.4955648
738,Whitesburg,KY,37.1184318,-82.8268265
739,Alexandria,LA,31.2000924,29.9187387
740,Baton Rouge,LA,30.4514677,-91.1871466
741,Hammond,LA,33.314523,131.4783538
742,Houma,LA,29.5957696,-90.7195348
743,Lafayette,LA,30.2240897,-92.0198427
744,Lake Charles,LA,30.2265949,-93.2173758
745,Luling,LA,29.6805066,-97.647498
746,Metairie,LA,29.9840922,-90.1528519
747,Monroe,LA,13.7313627,100.5603246
748,New Orleans,LA,29.9510658,-90.0715323
749,Shreveport,LA,32.5251516,-93.7501789
750,Acton,MA,45.4947729,4.5598434
751,Allston,MA,42.3539038,-71.1337112
752,Amherst,MA,42.3732216,-72.5198537
753,Athol,MA,42.5959329,-72.2267383
754,Attleboro,MA,41.9445441,-71.2856082
755,Becket,MA,44.0155556,-88.5416667
756,Beverly,MA,42.5584283,-70.880049
757,Boston,MA,42.3600825,-71.0588801
758,Braintree,MA,51.880087,0.5509269
759,Brockton,MA,42.0834335,-71.0183787
760,Brookline,MA,42.3317642,-71.1211635
761,Burlington,MA,42.50499,-71.19583
762,Cambridge,MA,52.205337,0.121817
763,Charlestown,MA,42.3782065,-71.0602131
764,Chatham,MA,51.380952,0.52213
765,Chelsea,MA,32.64513,-5.9120896
766,Chestnut Hill,MA,40.0703334,-75.2070644
767,Concord,MA,37.9779776,-122.0310733
768,Danvers,MA,42.5750009,-70.932122
769,Dartmouth,MA,43.7044406,-72.2886935
770,Deerfield,MA,42.5445588,-72.6056435
771,Dorchester,MA,50.7111639,-2.441181
772,East Boston,MA,42.3702137,-71.0388601
773,Easthampton,MA,42.266757,-72.66898
774,Easton,MA,40.0505153,-82.915308
775,Edgartown,MA,41.3890052,-70.5133599
776,Fall River,MA,41.7014912,-71.1550451
777,Falmouth,MA,50.152571,-5.06627
778,Florence,MA,43.7695604,11.2558136
779,Framingham,MA,42.279286,-71.4161565
780,Gloucester,MA,51.8642449,-2.238156
781,Great Barrington,MA,42.1959798,-73.362008
782,Greenfield,MA,33.4748467,-7.6378986
783,Harvard,MA,42.3770029,-71.1166601
784,Hatfield,MA,51.763366,-0.22309
785,Jamaica Plain,MA,42.3097365,-71.1151431
786,Lawrence,MA,31.626698,-8.016137
787,Lenox,MA,33.8467226,-84.3637487
788,Lexington,MA,38.0405837,-84.5037164
789,Lincoln,MA,37.3763654,-5.9158542
790,Littleton,MA,39.613321,-105.0166498
791,Lowell,MA,53.7625158,-1.5113011
792,Lynn,MA,42.466763,-70.9494938
793,Marion,MA,-35,138.552
794,Marlborough,MA,51.420073,-1.727062
795,Mattapoisett,MA,41.6616323,-70.8150742
796,Medfield,MA,42.1875826,-71.3064597
797,Milton,MA,43.5182991,-79.8774042
798,Nantucket,MA,41.2834704,-70.099451
799,Natick,MA,42.2775281,-71.3468091
800,New Bedford,MA,41.6362152,-70.934205
801,Newburyport,MA,42.8125913,-70.8772751
802,Newton,MA,33.5324703,-7.5862322
803,Newton Centre,MA,42.3300503,-71.1948255
804,Newton Upper Falls,MA,42.3121798,-71.2205981
805,Newtonville,MA,42.3467771,-71.2072321
806,North Adams,MA,42.700915,-73.1087148
807,North Oxford,MA,51.767046,-1.2614699
808,Northampton,MA,52.240477,-0.902656
809,Norton,MA,41.971775,-71.172948
810,Norwell,MA,42.1615157,-70.7927832
811,Oak Bluffs,MA,41.4542793,-70.5619724
812,Orleans,MA,47.902964,1.909251
813,Peabody,MA,42.5278731,-70.9286609
814,Pittsfield,MA,42.4500845,-73.2453824
815,Plymouth,MA,50.3754565,-4.1426565
816,Princeton,MA,40.3430942,-74.6550739
817,Provincetown,MA,42.0584412,-70.1786425
818,Quincy,MA,42.2528772,-71.0022705
819,Roxbury,MA,42.3151978,-71.0913748
820,Roxbury Crossing,MA,42.3313406,-71.0954991
821,Salem,MA,42.51954,-70.8967155
822,Shrewsbury,MA,52.7073029,-2.7553268
823,Somerville,MA,42.3875968,-71.0994968
824,South Boston,MA,42.3381437,-71.0475773
825,South Deerfield,MA,42.4773097,-72.6078667
826,Springfield,MA,33.9968932,-6.8481544
827,Stoneham,MA,42.4802469,-71.0999719
828,Taunton,MA,51.015344,-3.106849
829,Waltham,MA,42.3764852,-71.2356113
830,Watertown,MA,43.9747838,-75.9107565
831,Wellesley,MA,42.296797,-71.2923877
832,Wellesley Hills,MA,42.3084301,-71.2786677
833,Wellfleet,MA,41.9305468,-70.0309753
834,West Falmouth,MA,41.6042744,-70.6344749
835,West Robury,MA,42.2797554,-71.1626756
836,Westford,MA,42.5792583,-71.4378411
837,Weymouth,MA,50.6144279,-2.457621
838,Williamstown,MA,-37.861,144.885
839,Woburn,MA,51.987703,-0.6209209
840,Woods Hole,MA,41.5264977,-70.6730857
841,Worcester,MA,52.193636,-2.221575
842,Yarmouth Port,MA,41.7088078,-70.2133591
843,Aberdeen,MD,57.149717,-2.094278
844,Adelphi,MD,40.7198865,-73.6522537
845,Annapolis,MD,38.9784453,-76.4921829
846,Baltimore,MD,39.2903848,-76.6121893
847,Bethesda,MD,47.6731993,26.2827705
848,Bethseda,MD,47.6731993,26.2827705
849,Bladensburg,MD,38.9392779,-76.9338631
850,Chevy Chase,MD,38.9692771,-77.0788667
851,Clarksburg,MD,39.2806451,-80.3445341
852,College Park,MD,38.9896967,-76.93776
853,Columbia,MD,47.1672901,27.5694982
854,Crownsville,MD,39.0284438,-76.6013536
855,Damascus,MD,33.5138073,36.2765279
856,Dunkirk,MD,51.0343684,2.3767763
857,Easton,MD,55.5983626,13.0008662
858,Edgewood,MD,41.4597662,-122.4329319
859,Elkridge,MD,39.1978788,-76.7625073
860,Emmitsburg,MD,39.7045417,-77.3269307
861,Forest Hill,MD,51.4397781,-0.0546416
862,Frederick,MD,39.4142688,-77.4105409
863,Gaithersburg,MD,39.1439689,-77.2016062
864,Germantown,MD,39.1731621,-77.2716502
865,Hagerstown,MD,39.6417629,-77.7199932
866,Hyattsville,MD,38.9559442,-76.9455301
867,Kensington,MD,51.5049757,-0.187681
868,Landover,MD,38.9340002,-76.8966397
869,Langley Park,MD,54.799723,-1.669523
870,Lanham,MD,38.9685112,-76.8620327
871,Mount Airy,MD,36.4993007,-80.6072858
872,Mt. Rainier,MD,46.8523075,-121.7603229
873,North Bethesda,MD,39.0445535,-77.1188678
874,Owings Mills,MD,39.4195499,-76.7802528
875,Reisterstown,MD,39.4695489,-76.8294213
876,Rockville,MD,39.0839973,-77.1527578
877,Silver Spring,MD,38.9906657,-77.026088
878,St. Michaels,MD,38.785393,-76.2233202
879,Takoma Park,MD,38.9778882,-77.0074765
880,Towson,MD,39.4014955,-76.6019125
881,Towson,MD,39.3925121,-76.6126392
882,Upper Marlboro,MD,38.8159473,-76.7496909
883,Westminster,MD,51.4974948,-0.1356583
884,Williamsport,MD,41.2411897,-77.0010786
885,Woodbine,MD,43.7144731,-79.6041188
886,Auburn,ME,32.6098566,-85.4807825
887,Augusta,ME,33.4734978,-82.0105148
888,Bangor,ME,53.22739,-4.129263
889,Bar Harbor,ME,44.3876119,-68.2039123
890,Bath,ME,51.3810641,-2.3590167
891,Boothbay,ME,43.8762865,-69.6337364
892,Boothbay Harbor,ME,43.8523045,-69.6281014
893,Brunswick,ME,31.1499528,-81.4914894
894,Camden,ME,51.5454736,-0.1627902
895,Casco,ME,40.851434,14.230577
896,East Boothbay,ME,43.8635508,-69.5861451
897,Ellsworth,ME,44.5434095,-68.4194641
898,Falmouth,ME,50.152571,-5.06627
899,Hallowell,ME,44.2859022,-69.7908786
900,Kennebunk,ME,43.3845306,-70.54399
901,Lewiston,ME,44.100351,-70.2147764
902,Mount Desert,ME,44.3357884,-68.3193614
903,New Gloucester,ME,43.962853,-70.2825536
904,Orland ,ME,39.7473803,-122.1963748
905,Portland,ME,45.5051064,-122.6750261
906,Rockland,ME,41.1489458,-73.9830029
907,Rockport,ME,44.193146,-69.10846
908,Sanford ,ME,51.4824971,-0.0423442
909,South Portland,ME,43.6414716,-70.2408811
910,Stonington,ME,41.3358915,-71.9058854
911,Waterville,ME,51.829465,-10.1745436
912,Westbrook,ME,43.708227,-70.341889
913,Allegan,MI,42.5291989,-85.8553031
914,Ann Arbor,MI,42.2808256,-83.7430378
915,Bay City,MI,43.5944677,-83.8888647
916,Benton Harbor,MI,42.1167065,-86.4541894
917,Berkley,MI,37.8715226,-122.273042
918,Berrien Springs,MI,41.9464342,-86.338905
919,Big Bay,MI,46.8157568,-87.7284636
920,Bingham Farms,MI,42.5158012,-83.2736647
921,Birmingham,MI,33.5185892,-86.8103567
922,Bloomfield Hills,MI,42.583645,-83.2454883
923,Brighton,MI,40.598019,-111.583187
924,Buchanan,MI,37.5273566,-79.6797614
925,Comstock Park,MI,43.0386368,-85.6700332
926,Dearborn,MI,42.3222599,-83.1763145
927,Detroit,MI,42.331427,-83.0457538
928,East Lansing,MI,42.7369792,-84.4838654
929,Eaton Rapids,MI,42.5092039,-84.655814
930,Farmington Hills,MI,42.4989936,-83.3677168
931,Flint,MI,43.0125274,-83.6874562
932,Grand Rapids,MI,42.9633599,-85.6680863
933,Grosse Pointe,MI,42.3861485,-82.9118591
934,Holland,MI,52.132633,5.291266
935,Hudsonville,MI,42.870859,-85.8650358
936,Interlochen,MI,44.6453738,-85.7676077
937,Jackson,MI,37.0328728,-95.6316455
938,Jackson,MI,32.2987573,-90.1848103
939,Kalamazoo,MI,42.2917069,-85.5872286
940,Lake Orion,MI,42.7844752,-83.2396612
941,Lansing,MI,42.732535,-84.5555347
942,Livonia,MI,42.36837,-83.3527097
943,Macomb,MI,42.7168759,-82.820974
944,Mattawan,MI,42.2094839,-85.784453
945,Michigan,MI,44.3148443,-85.6023643
946,Midland,MI,43.6155825,-84.2472116
947,Mount Pleasant,MI,32.8323225,-79.8284258
948,Muskegon,MI,43.2341813,-86.2483921
949,Novi,MI,42.48059,-83.4754913
950,Oak Park,MI,41.8850317,-87.7845025
951,Petoskey,MI,45.3733428,-84.9553296
952,Plymouth,MI,41.9584457,-70.6672621
953,Pontiac,MI,42.6389216,-83.2910468
954,Port Huron,MI,42.9708634,-82.4249142
955,Rives Junction,MI,42.3858695,-84.4616334
956,Rochester,MI,43.1565779,-77.6088465
957,Rochester Hills,MI,42.6583661,-83.1499322
958,Rockford,MI,42.2711311,-89.0939952
959,Royal Oak,MI,42.4894801,-83.1446485
960,Saginaw,MI,43.4194699,-83.9508068
961,Saint Joseph,MI,37.1177821,-84.1088832
962,Southfield,MI,42.4733688,-83.2218731
963,Taylor,MI,37.0321072,-95.6352855
964,Traverse City,MI,44.7630567,-85.6206317
965,Troy,MI,42.6064095,-83.1497751
966,Utica,MI,43.100903,-75.232664
967,Wayland,MI,37.4553097,-86.8877212
968,West Bloomfield,MI,42.5678534,-83.373339
969,Wixom,MI,42.5247555,-83.5363268
970,Wyoming,MI,43.0759678,-107.2902839
971,Ypsilanti,MI,42.2411499,-83.6129939
972,Zeeland,MI,51.4940309,3.8496815
973,Alexandria,MN,31.2000924,29.9187387
974,Apple Valley,MN,34.5008311,-117.1858759
975,Austin,MN,30.267153,-97.7430608
976,Bemidji,MN,47.471573,-94.8826861
977,Bloomington,MN,39.165325,-86.5263857
978,Brooklyn Center,MN,45.076076,-93.3327283
979,Cambridge,MN,52.205337,0.121817
980,Chrisholm,MN,-37.975611,145.2219328
981,Columbia Heights,MN,45.0481968,-93.2474098
982,Coon Rapids,MN,45.1732394,-93.3030063
983,Crookston,MN,47.7745617,-96.6093911
984,Detroit Lakes,MN,46.8171808,-95.8453253
985,Duluth,MN,46.7866719,-92.1004852
986,Eagan,MN,44.8041322,-93.1668858
987,Eden Prairie,MN,44.8546856,-93.470786
988,Edina,MN,44.8896866,-93.3499489
989,Ely,MN,52.399539,0.262363
990,Fergus Falls,MN,46.2835212,-96.0777887
991,Finland,MN,61.92411,25.7481511
992,Golden Valley,MN,44.9917149,-93.3600034
993,Hastings,MN,50.854259,0.573453
994,Hopkins,MN,39.3299013,-76.6205177
995,Little Falls,MN,45.9805556,-94.3694444
996,Mankato,MN,44.1635775,-93.9993996
997,Medina,MN,24.5246542,39.5691841
998,Mendota Heights,MN,44.8835768,-93.1382749
999,Minneapolis,MN,44.977753,-93.2650108
1000,MINNEAPOLIS           ,MN,44.977753,-93.2650108
1001,Minnetonka,MN,37.9681323,23.7300804
1002,New Hope,MN,40.3642728,-74.9512785
1003,North Branch,MN,45.5102135,-92.9931054
1004,Northfield,MN,44.4582983,-93.161604
1005,Owatonna,MN,44.0855572,-93.2259349
1006,Plymouth,MN,50.3754565,-4.1426565
1007,Richfield,MN,44.8832982,-93.2830021
1008,Rochester,MN,51.388,0.506721
1009,Roseville,MN,38.7521235,-121.2880059
1010,Saint Paul,MN,44.9537029,-93.0899578
1011,Sandstone,MN,46.133959,-92.861985
1012,South Saint Paul,MN,44.8759802,-93.0275802
1013,St. Cloud,MN,45.5579451,-94.1632404
1014,St. Louis Park,MN,44.9597376,-93.3702186
1015,St. Paul,MN,51.5138453,-0.0983506
1016,St. Paul,MN,44.9537029,-93.0899578
1017,St.Paul,MN,44.9537029,-93.0899578
1018,Stillwater,MN,45.056004,-92.8088443
1019,Vadnais Heights,MN,45.05058,-93.0693008
1020,West St. Paul,MN,44.9160768,-93.1016074
1021,White Bear Lake,MN,45.0853814,-93.0081479
1022,Willmar,MN,45.1223711,-95.048659
1023,Winona,MN,44.0553908,-91.6663523
1024,Ballwin,MO,38.5950532,-90.5462339
1025,Branson,MO,36.6436731,-93.2185144
1026,Brentwood,MO,51.620475,0.3071749
1027,Bridgeton,MO,39.427337,-75.2340768
1028,Camdenton,MO,38.0080902,-92.7446289
1029,Cape Girardeau,MO,37.3058839,-89.5181476
1030,Chesterfield,MO,53.235048,-1.421629
1031,Columbia,MO,38.93953,-92.334274
1032,Concordia,MO,45.4945643,-73.5773775
1033,Des Peres,MO,38.6008862,-90.4328968
1034,Falcon,MO,37.608413,-92.385392
1035,Fenton,MO,38.524566,-90.443555
1036,Harrisburg,MO,40.2731911,-76.8867008
1037,Independence,MO,39.104319,-94.365536
1038,Jefferson City,MO,38.5767017,-92.1735164
1039,Kansas City,MO,39.0997265,-94.5785667
1040,Kansas City ,MO,39.0997265,-94.5785667
1041,La Monte,MO,38.7741811,-93.4252099
1042,Lampe,MO,36.564812,-93.437792
1043,Lee's Summit,MO,38.9108408,-94.3821724
1044,Maryland Heights,MO,38.7131073,-90.4298401
1045,Mexico,MO,23.634501,-102.552784
1046,Saint Joseph,MO,39.7798,-94.817753
1047,Saint Louis,MO,38.6270025,-90.1994042
1048,Shelbina,MO,39.6939275,-92.0429502
1049,Sikeston,MO,36.876719,-89.5878579
1050,Spring,MO,36.740963,-93.378286
1051,Springfield,MO,37.201785,-93.31212
1052,St. Louis,MO,38.6270025,-90.1994042
1053,St. Lousis,MO,38.6270025,-90.1994042
1054,Ste. Genevieve,MO,37.9786618,-90.0475582
1055,University City,MO,38.6682407,-90.3324856
1056,Valley Park,MO,38.5492204,-90.4926214
1057,Warrenton,MO,38.7134516,-77.7952712
1058,Brandon,MS,49.848471,-99.9500904
1059,Cary,MS,35.79154,-78.7811169
1060,Clinton,MS,32.357004,-90.334751
1061,Columbus,MS,39.9611755,-82.9987942
1062,French Camp,MS,37.8817227,-121.2747843
1063,Gulfport,MS,30.3674198,-89.0928155
1064,Hattiesburg,MS,31.3271189,-89.2903392
1065,Jackson,MS,17.0231216,-61.7606353
1066,Mississippi State University,MS,33.4551742,-88.7943766
1067,Pascagoula,MS,30.3657552,-88.5561272
1068,Ridgeland,MS,32.4284761,-90.1323087
1069,Tupelo,MS,34.2576066,-88.7033859
1070,Tutwiler,MS,32.5640382,-86.1940048
1071,University,MS,16.7553587,-62.2178936
1072,Vancleave,MS,30.5404745,-88.6875237
1073,Vicksburg,MS,32.3526456,-90.877882
1074,Billings,MT,45.7832856,-108.5006904
1075,Bozeman,MT,45.6769979,-111.0429339
1076,Columbia Falls,MT,48.3799643,-114.1804038
1077,Columbus,MT,36.7236872,14.8140988
1078,Gold Creek,MT,46.587333,-112.928704
1079,Great Falls,MT,38.9987208,-77.2538699
1080,Helena,MT,35.9087308,14.480392
1081,Kalispell,MT,48.1919889,-114.316813
1082,Missoula,MT,46.8721284,-113.9940314
1083,Whitefish,MT,48.4106373,-114.3352652
1084,Albermarle,NC,50.6600234,4.6313447
1085,Apex,NC,45.7446647,4.8262035
1086,Asheboro,NC,35.7079146,-79.8136446
1087,Asheville,NC,35.5950581,-82.5514869
1088,Bald Head Island,NC,33.8618418,-77.9944332
1089,Bayboro,NC,35.1429445,-76.7702093
1090,Black Mountain,NC,35.6178951,-82.3212302
1091,Boone,NC,36.216795,-81.6745517
1092,Brevard,NC,35.2334472,-82.7342919
1093,Burlington,NC,44.4758825,-73.212072
1094,Carrboro,NC,35.9101438,-79.0752895
1095,Cary,NC,35.79154,-78.7811169
1096,Chapel Hill,NC,35.9131996,-79.0558445
1097,Charlotte,NC,35.2270869,-80.8431267
1098,Columbus,NC,39.9611755,-82.9987942
1099,Concord,NC,42.4603719,-71.3489484
1100,Cornelius,NC,47.4284211,2.5733737
1101,Crossnore,NC,36.0217938,-81.9295579
1102,Durham,NC,54.77525,-1.584852
1103,Eden,NC,46.3413572,2.6023366
1104,Elizabeth City,NC,36.2946008,-76.2510461
1105,Fayetteville,NC,35.0526641,-78.8783585
1106,Gastonia,NC,35.262082,-81.1873005
1107,Goldsboro,NC,35.3848841,-77.9927651
1108,Graham,NC,50.6867561,4.3182495
1109,Greensboro,NC,36.0726354,-79.7919754
1110,Hendersonville,NC,35.3187279,-82.4609528
1111,Hickory,NC,51.129261,-1.7328444
1112,High Point,NC,46.1528164,-1.1565227
1113,Highlands,NC,57.4595749,-4.2263955
1114,Huntersville,NC,35.410694,-80.8428504
1115,Kannapolis,NC,35.4873613,-80.6217341
1116,Kernersville,NC,36.1198588,-80.0736533
1117,Lake Waccamaw,NC,34.3190578,-78.5000088
1118,Lexington,NC,38.0405837,-84.5037164
1119,Matthews,NC,49.0649388,2.1141222
1120,Morrisville,NC,42.8986791,-75.6401825
1121,Morrisville,NC,42.89549,-75.640289
1122,Newport,NC,41.4901024,-71.3128285
1123,North Wilkesboro,NC,36.1584651,-81.1475841
1124,Oxford,NC,50.8276376,3.2695977
1125,Pittsboro,NC,35.7201463,-79.1772371
1126,Raleigh,NC,35.7795897,-78.6381787
1127,Randleman,NC,35.8179143,-79.8030873
1128,Research Triangle Park,NC,35.8991678,-78.8636402
1129,Rocky Mount,NC,35.9382103,-77.7905339
1130,Salisbury,NC,51.068785,-1.794472
1131,Shelby,NC,47.565149,1.3722666
1132,Sylva,NC,35.3737111,-83.2259803
1133,Thomasville,NC,30.8365815,-83.9787808
1134,Wake Forest,NC,36.1355052,-80.2791958
1135,Wilmington,NC,34.2103894,-77.8868117
1136,Winston Salem,NC,36.0998596,-80.244216
1137,Winston-Salem,NC,36.0998596,-80.244216
1138,Bismarck,ND,46.8083268,-100.7837392
1139,Fargo,ND,46.8771863,-96.7898034
1140,Grand Forks,ND,47.9252568,-97.0328547
1141,Ashland,NE,42.1945758,-122.7094767
1142,Bellevue,NE,47.6101497,-122.2015159
1143,Boys Town,NE,41.2611099,-96.1319649
1144,Grand Island,NE,40.9263957,-98.3420118
1145,Hastings,NE,50.854259,0.573453
1146,Lincoln,NE,53.230688,-0.540579
1147,Nebraska City,NE,40.6765745,-95.8593616
1148,Norfolk,NE,36.8507689,-76.2858726
1149,Omaha,NE,41.2565369,-95.9345034
1150,O'Neill,NE,42.461306,-98.647284
1151,Concord,NH,37.9779776,-122.0310733
1152,Enfield,NH,42.0027181,-72.5441445
1153,Hancock,NH,36.841752,-95.546643
1154,Keene,NH,42.933692,-72.2781409
1155,Laconia,NH,43.5278546,-71.4703509
1156,Lebanon,NH,33.854721,35.862285
1157,Manchester,NH,53.4807593,-2.2426305
1158,Merrimack,NH,42.8678693,-71.4948322
1159,Milford,NH,41.2306979,-73.064036
1160,Nashua,NH,42.7653662,-71.467566
1161,North Conway,NH,44.0536805,-71.1284041
1162,Peterborough,NH,52.6039345,-0.3071203
1163,Portsmouth,NH,43.0717552,-70.7625532
1164,Stratham,NH,43.0228677,-70.9163873
1165,Swanzey,NH,42.8741204,-72.2795383
1166,Asbury,NJ,37.0457815,-95.6715121
1167,Asbury Park,NJ,40.2203907,-74.0120817
1168,Atlantic City,NJ,39.3642834,-74.4229266
1169,Bernardsville,NJ,40.7187119,-74.569324
1170,Brick,NJ,36.0888239,-95.8545437
1171,Bridgewater,NJ,41.9903519,-70.9750541
1172,Browns Mills,NJ,39.9726147,-74.5829331
1173,Camden,NJ,39.9259463,-75.1196199
1174,Cedar Grove,NJ,40.8517876,-74.2290319
1175,Cedar Knolls,NJ,40.821763,-74.4500053
1176,Cherry Hill,NJ,39.926813,-75.0246312
1177,East Brunswick,NJ,40.4316955,-74.4049778
1178,East Hanover,NJ,40.8200623,-74.3647247
1179,Eatontown,NJ,40.2962222,-74.0509725
1180,Edison,NJ,39.1316632,-94.5309887
1181,Elizabeth,NJ,40.6639916,-74.2107006
1182,Englewood,NJ,39.6477653,-104.9877597
1183,Englewood Cliffs,NJ,40.8853773,-73.9523597
1184,Far Hills,NJ,40.684268,-74.6357148
1185,Farmingdale,NJ,40.7325997,-73.4454009
1186,Flemington,NJ,40.5123258,-74.8593318
1187,Florham Park,NJ,40.787878,-74.3882072
1188,Gladstone,NJ,39.2038918,-94.554677
1189,Hackensack,NJ,40.8859325,-74.0434736
1190,Hamilton,NJ,37.9426096,-96.195132
1191,Hawthorne,NJ,33.9164032,-118.3525748
1192,Hillside,NJ,37.6990047,-97.299517
1193,Hoboken,NJ,40.7439905,-74.0323626
1194,Iselin,NJ,40.5753817,-74.3223703
1195,Jackson,NJ,37.0328728,-95.6316455
1196,Jersey City,NJ,40.7177545,-74.0431435
1197,Kingston,NJ,39.6441742,-94.0385517
1198,Lafayette,NJ,37.8857582,-122.1180201
1199,Lakewood,NJ,39.7047095,-105.0813734
1200,Lawrenceville,NJ,40.3016375,-74.7361013
1201,Livingston,NJ,40.7862871,-74.3300842
1202,Madison,NJ,43.0730517,-89.4012302
1203,Mahwah,NJ,41.0886216,-74.1435843
1204,Maple Shade,NJ,39.9526127,-74.9923915
1205,Maplewood,NJ,40.7299793,-74.271992
1206,Maywood,NJ,33.9866807,-118.185349
1207,Mendham,NJ,40.7870633,-74.5765686
1208,Millburn,NJ,40.7340454,-74.3206696
1209,Milltown,NJ,40.4562164,-74.4432073
1210,Millville,NJ,39.4020596,-75.0393438
1211,Monroe Township,NJ,40.336419,-74.4330474
1212,Montclair,NJ,40.8259007,-74.2090053
1213,Morganville,NJ,40.3280786,-74.2873035
1214,Morris Plains,NJ,40.8395922,-74.4818698
1215,Morristown,NJ,40.7967667,-74.4815438
1216,Mount Laurel,NJ,39.934002,-74.8909988
1217,Neptune,NJ,37.0900212,-95.7116907
1218,New Brunswick,NJ,46.5653163,-66.4619164
1219,New Providence,NJ,40.6984348,-74.4015405
1220,Newark,NJ,40.735657,-74.1723667
1221,Newton,NJ,38.0466779,-97.3450365
1222,Oakland,NJ,37.8043514,-122.2711639
1223,Paramus,NJ,40.9445428,-74.0754189
1224,Parsippany,NJ,40.8652865,-74.4173877
1225,Passaic,NJ,40.8567662,-74.1284764
1226,Paterson,NJ,40.9167654,-74.171811
1227,Pennington,NJ,34.1396903,-86.8410568
1228,Pennsauken,NJ,39.9562052,-75.058009
1229,Pitman,NJ,39.732892,-75.1315651
1230,Princeton,NJ,40.3430942,-74.6550739
1231,Ramsey,NJ,45.2611,-93.45
1232,Randolph,NJ,36.8747109,-95.0952004
1233,Randolph,NJ,40.8478065,-74.5747248
1234,Red Bank,NJ,40.3470543,-74.0643065
1235,Short Hills,NJ,40.7483499,-74.3232194
1236,Skillman,NJ,40.4201165,-74.7146817
1237,South River,NJ,42.5913596,-82.8318334
1238,Southampton,NJ,40.8598637,-72.5678012
1239,Stillwater,NJ,36.1156071,-97.0583681
1240,Summit,NJ,37.1513278,-96.3013432
1241,Summit ,NJ,37.1513278,-96.3013432
1242,Teaneck,NJ,40.8932469,-74.0116536
1243,Thorofare,NJ,39.8422093,-75.1969346
1244,Tinton Falls,NJ,40.3042773,-74.1004185
1245,Trenton,NJ,40.2205824,-74.759717
1246,Verona,NJ,45.4383842,10.9916215
1247,Voorhees,NJ,39.8519447,-74.961517
1248,Wayne,NJ,40.9253725,-74.2765441
1249,Westampton,NJ,40.0205975,-74.7922202
1250,Whippany,NJ,40.8254055,-74.4022355
1251,Whiting,NJ,41.6797578,-87.4944873
1252,Yardville,NJ,40.1812212,-74.6643248
1253, NM,NM,34.5199402,-105.8700901
1254,Albuquerque,NM,35.0843859,-106.650422
1255,Española,NM,35.9910383,-106.0818233
1256,Farmington,NM,36.7280583,-108.2186856
1257,Los Alamos,NM,35.8800364,-106.3031138
1258,Portales,NM,34.1861922,-103.3343978
1259,Santa Ana Pueblo,NM,35.3399846,-106.5225295
1260,Santa Fe,NM,35.6869752,-105.937799
1261,Elko,NV,40.8324211,-115.7631232
1262,Henderson,NV,36.0395247,-114.9817213
1263,Incline Village,NV,39.249683,-119.9526847
1264,Las Vegas,NV,36.1699412,-115.1398296
1265,McCarran,NV,36.0839998,-115.1537389
1266,Reno,NV,39.5296329,-119.8138027
1267,Airmont,NY,41.1009293,-74.1162544
1268,Albany,NY,42.6525793,-73.7562317
1269,Angola,NY,-11.202692,17.873887
1270,Astoria,NY,40.7643574,-73.9234619
1271,Astoria,NY,46.1878841,-123.8312534
1272,Auburn,NY,32.6098566,-85.4807825
1273,Bath,NY,36.0635615,-95.8823623
1274,Bayside,NY,38.9800399,-76.5487709
1275,Bethpage,NY,40.7442664,-73.4820687
1276,Binghamton,NY,42.0986867,-75.9179738
1277,Blue Mountain Lake,NY,43.8570595,-74.4309287
1278,Brewster,NY,41.3973163,-73.6170721
1279,Briarcliff Manor,NY,41.1402322,-73.840231
1280,Bridgehampton,NY,40.9378777,-72.3009158
1281,Bronx,NY,40.8447819,-73.8648268
1282,Brooklyn,NY,40.6781784,-73.9441579
1283,Buffalo,NY,42.8864468,-78.8783689
1284,Calverton,NY,40.9064873,-72.7434331
1285,Canandaigua,NY,42.887535,-77.2816984
1286,Cedarhurst,NY,36.056451,-95.8652894
1287,Chappaqua,NY,41.1595399,-73.764855
1288,Chatham,NY,41.6820897,-69.9597664
1289,Clifton Park,NY,42.844668,-73.8183804
1290,Cold Spring,NY,41.4200937,-73.954583
1291,Cold Spring Harbor,NY,40.8714873,-73.456788
1292,Constable,NY,33.2415945,-96.6361574
1293,Cooperstown,NY,42.7006303,-74.924321
1294,Corning,NY,42.1428521,-77.0546903
1295,Corona,NY,40.741749,-73.860145
1296,Deer Park,NY,29.7052284,-95.1238204
1297,Dewitt,NY,42.842256,-84.5691487
1298,East Hampton,NY,40.9634335,-72.1848009
1299,Elizabethtown,NY,37.7030646,-85.8649408
1300,Elmhurst,NY,41.8994744,-87.9403418
1301,Elmsford,NY,41.0550969,-73.8201337
1302,Essex,NY,51.5742447,0.4856781
1303,Fairport,NY,43.0986742,-77.4419378
1304,Farmingdale,NY,40.7325997,-73.4454009
1305,Flushing,NY,40.7674987,-73.833079
1306,Garden City,NY,43.6221108,-116.2381744
1307,Garden City,NY,42.3255928,-83.3310422
1308,Gardiner,NY,45.0318802,-110.7057663
1309,Garrison,NY,38.9705331,-94.6951589
1310,Getzville,NY,43.0232669,-78.7681412
1311,Glen Cove,NY,40.8623217,-73.6337389
1312,Glens Falls,NY,43.3095164,-73.6440058
1313,Great Neck,NY,40.8006567,-73.7284647
1314,Hamburg,NY,53.5510846,9.9936819
1315,Hauppauge,NY,40.8256536,-73.2026138
1316,Hawthorne,NY,33.9164032,-118.3525748
1317,Hempstead,NY,40.7062128,-73.6187397
1318,High Falls,NY,33.1822347,-84.0149594
1319,Huntington,NY,36.311256,-94.188484
1320,Hyde Park,NY,39.057294,-94.577597
1321,Ithaca,NY,42.4439614,-76.5018807
1322,Ithica,NY,42.4439614,-76.5018807
1323,Jamaica,NY,18.109581,-77.297508
1324,Jamestown,NY,37.2116383,-76.7752102
1325,Katonah,NY,41.2587043,-73.6854137
1326,Kew Gardens,NY,51.4787438,-0.295573
1327,Kingston,NY,39.6441742,-94.0385517
1328,Lake George,NY,43.4261809,-73.7123408
1329,Lake Luzerne,NY,43.3365373,-73.8183804
1330,Lake Placid,NY,44.2794911,-73.9798713
1331,Lake Success,NY,40.7698453,-73.7090428
1332,Lawrence,NY,38.9716689,-95.2352501
1333,Livingston Manor,NY,41.9003667,-74.8282167
1334,Locust Valley,NY,40.8759324,-73.5970707
1335,Long Island City,NY,40.744679,-73.9485424
1336,Margaretville,NY,42.148699,-74.648211
1337,Massapequa,NY,40.6806563,-73.4742914
1338,Menands,NY,42.6920233,-73.7245639
1339,Mendon,NY,42.1056525,-71.5522859
1340,Middle Island,NY,40.8831181,-72.9421869
1341,Millbrook,NY,36.1262675,-80.2474504
1342,Monsey,NY,41.1112069,-74.0684751
1343,Mumford,NY,42.4216421,-83.1631912
1344,Nanuet,NY,41.0887073,-74.013473
1345,New City,NY,36.1854192,-95.9793746
1346,New Hyde Park,NY,40.7351018,-73.6879082
1347,New Rochelle,NY,40.9114882,-73.7823549
1348,New Windsor,NY,41.4767605,-74.0237518
1349,New York,NY,40.7127753,-74.0059728
1350,Newburgh,NY,41.5034271,-74.0104178
1351,Niagara Falls,NY,43.0962143,-79.0377388
1352,North Salem,NY,41.3350356,-73.5719051
1353,Nw York,NY,40.7127753,-74.0059728
1354,NY,NY,40.7127753,-74.0059728
1355,Nyack,NY,41.0906519,-73.9179146
1356,Old Forge,NY,43.7100885,-74.9734809
1357,Oneonta,NY,42.4528571,-75.0637746
1358,Orchard Park,NY,37.702696,-97.400327
1359,Ossining,NY,41.1628731,-73.8615246
1360,Oyster Bay,NY,40.8656543,-73.5320685
1361,Pamona,NY,34.055103,-117.7499909
1362,Plainview,NY,34.1847936,-101.7068417
1363,Pleasantville,NY,41.1333371,-73.7924152
1364,Port Chester,NY,41.0017643,-73.6656834
1365,Port Washington,NY,40.8256561,-73.6981858
1366,Poughkeepsie,NY,41.7003713,-73.9209701
1367,Rhinebeck,NY,41.9318294,-73.9074372
1368,Rochester,NY,43.1565779,-77.6088465
1369,Rockville Centre,NY,40.6587138,-73.6412406
1370,Ronkonkoma,NY,40.8064187,-73.1241488
1371,Roslyn Harbor,NY,40.8164891,-73.6370727
1372,Rye Brook,NY,41.0188032,-73.6813591
1373,Saratoga Springs,NY,43.0831301,-73.7845651
1374,Saugerties,NY,42.0775906,-73.9529126
1375,Scarsdale,NY,41.0050977,-73.7845768
1376,Schenectady,NY,42.8142432,-73.9395687
1377,Schroon Lake,NY,43.8383684,-73.7618292
1378,Setauket,NY,40.9293759,-73.1025502
1379,Smithtown,NY,40.8559314,-73.2006687
1380,Spring Valley,NY,41.1131514,-74.0437521
1381,Staten Island,NY,40.5795317,-74.1502007
1382,Suffern,NY,41.1148179,-74.1495889
1383,Syracuse,NY,43.0481221,-76.1474244
1384,Tarrytown,NY,41.0762077,-73.8587461
1385,Ticonderoga,NY,43.8486707,-73.4234531
1386,Troy,NY,42.6064095,-83.1497751
1387,Tupper Lake,NY,44.2239488,-74.4640575
1388,Utica,NY,43.100903,-75.232664
1389,Valley Stream,NY,40.6642699,-73.7084645
1390,Vestal,NY,42.0855898,-76.053575
1391,Wainscott,NY,40.9367664,-72.2428587
1392,Water Mill,NY,37.2619303,-93.2474959
1393,Watkins Glen,NY,42.3806287,-76.8732921
1394,West Babylon,NY,40.718155,-73.354287
1395,West Nyack,NY,41.096485,-73.9729162
1396,West Point,NY,41.3914827,-73.9559721
1397,West Seneca,NY,42.8358977,-78.7538895
1398,Westbury,NY,40.7556561,-73.5876273
1399,White Plains,NY,41.0339862,-73.7629097
1400,Williamsville,NY,42.963947,-78.7378091
1401,Windham,NY,42.3073065,-74.2520875
1402,Woodbury,NY,41.3645382,-74.1059775
1403,Yaphank,NY,40.8367653,-72.9170487
1404,Yorktown Heights,NY,41.2709274,-73.7776336
1405,Akron,OH,41.0814447,-81.5190053
1406,Batavia,OH,41.8500284,-88.3125738
1407,Bay Village,OH,41.4847662,-81.9220845
1408,Beachwood,OH,41.4644979,-81.5087322
1409,Berlin,OH,52.5200066,13.404954
1410,Berlin Center,OH,41.0245466,-80.9476946
1411,Blue Ash,OH,39.2320029,-84.3782734
1412,Canton,OH,40.7989473,-81.378447
1413,Chagrin Falls,OH,41.4298516,-81.3910999
1414,Cincinnati,OH,39.1031182,-84.5120196
1415,Cleveland,OH,41.49932,-81.6943605
1416,Cleveland ,OH,41.49932,-81.6943605
1417,Cleveland Heights,OH,41.5200518,-81.556235
1418,Columbus,OH,39.9611755,-82.9987942
1419,Coshocton,OH,40.2720151,-81.8595756
1420,Dayton,OH,39.7589478,-84.1916069
1421,Dublin,OH,53.3498053,-6.2603097
1422,Fairfield,OH,41.1408363,-73.2612615
1423,Findlay,OH,41.04422,-83.6499321
1424,Garfield Heights,OH,41.4169974,-81.6059581
1425,Grove City,OH,41.1578377,-80.0886703
1426,Hamilton,OH,37.9426096,-96.195132
1427,Highland Hills,OH,32.670123,-96.7702164
1428,Hilliard,OH,40.0333961,-83.1582451
1429,Hudson,OH,42.3788592,-73.7983898
1430,Kent,OH,47.3809335,-122.2348432
1431,Kettering,OH,39.6895036,-84.1688274
1432,Kirtland,OH,41.6289365,-81.3614985
1433,Lakewood,OH,39.7047095,-105.0813734
1434,Lancaster,OH,34.6867846,-118.1541632
1435,Lima,OH,-12.0463731,-77.042754
1436,Lockland,OH,39.2272314,-84.4562445
1437,Lorain,OH,41.452819,-82.1823746
1438,Mansfield,OH,32.5631924,-97.1416768
1439,Marysville,OH,48.0517637,-122.1770818
1440,Mason,OH,39.3600586,-84.309939
1441,Maumee,OH,41.5628294,-83.6538244
1442,Medina,OH,24.5246542,39.5691841
1443,Mentor,OH,41.6661573,-81.339552
1444,Milford,OH,41.2306979,-73.064036
1445,Mount Gilead,OH,40.5492265,-82.8274014
1446,New Boston,OH,42.9761945,-71.6939626
1447,Newark,OH,40.735657,-74.1723667
1448,Orrville,OH,40.8436663,-81.7640212
1449,Peninsula,OH,41.8961442,-87.6249824
1450,Pepper Pike,OH,41.4783865,-81.4637295
1451,Perrysburg,OH,41.556996,-83.627157
1452,Powell,OH,36.6228496,-94.1807643
1453,Ravenna,OH,44.4183598,12.2035294
1454,Russell Township,OH,41.4651134,-81.3509416
1455,Sandusky,OH,41.4561754,-82.7116821
1456,Shaker Heights,OH,41.4739419,-81.5370671
1457,Sidney,OH,41.1448219,-102.9774497
1458,Springfield,OH,37.2089572,-93.2922989
1459,Steubenville,OH,40.3697905,-80.6339638
1460,Sylvania,OH,38.9440336,-94.7549033
1461,Tipp City,OH,39.9583892,-84.1721638
1462,Toledo,OH,41.6528052,-83.5378674
1463,Twinsburg,OH,41.3125552,-81.4401129
1464,Warren,OH,35.9913167,-95.8098751
1465,Westerville,OH,40.1266689,-82.9318807
1466,Wooster,OH,40.8050565,-81.935143
1467,Wright Patterson Air Force Base,OH,39.8137298,-84.0537448
1468,Xenia,OH,39.6847822,-83.9296526
1469,Youngstown,OH,41.0997803,-80.6495194
1470,Zanesville,OH,39.9403453,-82.0131924
1471,Bartlesville,OK,36.7473114,-95.9808179
1472,Broken Arrow,OK,36.060949,-95.7974526
1473,Claremore,OK,36.3125963,-95.61609
1474,Edmond,OK,35.6528323,-97.4780954
1475,Kansas,OK,39.011902,-98.4842465
1476,Norman,OK,35.2225668,-97.4394777
1477,Oklahoma City,OK,35.4675602,-97.5164276
1478,Owasso,OK,36.2695388,-95.8547119
1479,Park Hill,OK,39.2050228,-94.7070616
1480,Piedmont,OK,37.8244063,-122.2314865
1481,Ponca City,OK,36.706981,-97.0855948
1482,Sand Springs,OK,36.1398102,-96.108891
1483,The Village,OK,28.927019,-82.0037608
1484,Tulsa,OK,36.1539816,-95.992775
1485,Albany,OR,42.6525793,-73.7562317
1486,Ashland,OR,42.1945758,-122.7094767
1487,Beaverton,OR,45.4888761,-122.8013771
1488,Bend,OR,44.0581728,-121.3153096
1489,Boring,OR,45.4313662,-122.3734641
1490,Central Point,OR,42.3759586,-122.9164307
1491,Corvallis,OR,44.5645659,-123.2620435
1492,Dallas,OR,32.7766642,-96.7969879
1493,Eugene,OR,44.0520691,-123.0867536
1494,Forest Grove,OR,45.526998,-123.1211134
1495,Grants Pass,OR,42.4390069,-123.3283925
1496,Jasper,OR,37.09024,-95.712891
1497,McMinnville,OR,45.2101162,-123.1987163
1498,Medford,OR,42.3265152,-122.8755949
1499,Philomath,OR,44.540121,-123.3676014
1500,Portland,OR,45.5051064,-122.6750261
1501,Salem,OR,42.51954,-70.8967155
1502,Sherwood,OR,45.3563261,-122.8402749
1503,Springfield,OR,37.2089572,-93.2922989
1504,Tigard,OR,45.4186785,-122.7872475
1505,Allentown,PA,40.6022939,-75.4714098
1506,Altoona,PA,40.5186809,-78.3947359
1507,Ambler,PA,40.1545535,-75.2215651
1508,Ardmore,PA,34.1742611,-97.1436254
1509,Avondale,PA,33.4355977,-112.3496021
1510,Bala Cynwyd,PA,40.0131418,-75.2304038
1511,Barto,PA,29.9730732,-90.1418718
1512,Bethel Park,PA,40.3275697,-80.0394977
1513,Birdsboro,PA,40.2645371,-75.8040852
1514,Blue Bell,PA,30.1635028,-96.3777832
1515,Bristol,PA,8.9807873,-79.5250613
1516,Bryn Mawr,PA,40.0230237,-75.3151772
1517,Butler,PA,9.338895,-79.8969864
1518,Camp Hill,PA,40.2398118,-76.9199742
1519,Carlisle,PA,54.892473,-2.932931
1520,Carnegie,PA,8.9872844,-79.5200009
1521,Chalfont,PA,40.2884395,-75.2090623
1522,Chester Springs,PA,40.0784461,-75.6342521
1523,Coatesville,PA,39.9831616,-75.8238355
1524,Cochranville,PA,39.8917958,-75.9214005
1525,Conshohocken,PA,40.0792766,-75.3015714
1526,Coraopolis,PA,40.5184013,-80.1667247
1527,Delaware Water Gap,PA,40.9675956,-75.1221222
1528,Delmont,PA,40.4131233,-79.5703201
1529,Devon,PA,50.7155591,-3.530875
1530,Dillsburg,PA,40.1109255,-77.034978
1531,Downingtown,PA,40.0064958,-75.7032742
1532,Doylestown,PA,40.3101063,-75.1298939
1533,Dresher,PA,40.1419544,-75.1663153
1534,Duquesne,PA,40.4367914,-79.989232
1535,Easton,PA,40.0505153,-82.915308
1536,Enola,PA,40.2900885,-76.9338636
1537,Erie,PA,42.1292241,-80.085059
1538,Exton,PA,40.0325817,-75.6274583
1539,Fairless Hills,PA,40.1795537,-74.8551644
1540,Feasterville,PA,40.1466378,-74.9952259
1541,Fort Washington,PA,38.7073379,-77.0230313
1542,Gettysburg,PA,39.8309293,-77.2310955
1543,Glanshaw,PA,44.6868143,-93.21432
1544,Glenmoore,PA,40.0890224,-75.7725054
1545,Glenolden,PA,39.9001126,-75.2890745
1546,Greensburg,PA,40.3014581,-79.5389289
1547,Hanover,PA,52.3758916,9.7320104
1548,Harrisburg,PA,40.2731911,-76.8867008
1549,Hermitage,PA,7.4223168,-80.1496506
1550,Hershey,PA,40.2859239,-76.6502468
1551,Jenkintown,PA,40.0959438,-75.1251743
1552,Johnstown,PA,40.3267407,-78.9219698
1553,Kempton,PA,52.44054,-2.94266
1554,Kennett Square,PA,39.8467767,-75.7116032
1555,Kimberton,PA,40.1307272,-75.5721138
1556,King of Prussia,PA,40.1012856,-75.3835525
1557,Kulpsville,PA,40.2428827,-75.3365644
1558,Kutztown,PA,40.5173165,-75.7774177
1559,Lahaska,PA,40.346495,-75.0315583
1560,Lancaster,PA,54.046575,-2.8007399
1561,Lansdale,PA,40.2414952,-75.2837862
1562,Lebanon,PA,33.854721,35.862285
1563,Lititz,PA,40.1573169,-76.3069014
1564,Malvern,PA,52.1116462,-2.32607
1565,Manheim,PA,26.0552357,-80.2101889
1566,McKees Rocks,PA,40.4656244,-80.0656106
1567,Mechanicsburg,PA,40.2132692,-77.0080309
1568,Media,PA,9.004939,-79.5035076
1569,Middletown,PA,41.5623209,-72.6506488
1570,Mt. Wolf,PA,40.062485,-76.705228
1571,Nazareth,PA,32.699635,35.303546
1572,New Cumberland,PA,40.2323122,-76.8846956
1573,New Freedom,PA,39.7378811,-76.7013609
1574,New Oxford,PA,39.8637086,-77.0558143
1575,Norristown,PA,40.121497,-75.3399048
1576,Oakdale,PA,37.7666263,-120.8470308
1577,Perkasie,PA,40.372048,-75.292676
1578,Philadelphia,PA,39.9525839,-75.1652215
1579,Phoenixville,PA,40.1303822,-75.5149128
1580,Pine Grove Mills,PA,40.7336739,-77.8855567
1581,Pittsburgh,PA,40.4406248,-79.9958864
1582,Pittston,PA,41.3259134,-75.7893604
1583,Radnor,PA,40.0462208,-75.3599105
1584,Reading,PA,51.4542645,-0.9781303
1585,Rehrersburg,PA,40.4584479,-76.2450153
1586,Reinholds,PA,40.2670462,-76.1154669
1587,Rochester,PA,43.1565779,-77.6088465
1588,Saylorsburg,PA,40.8958927,-75.3229541
1589,Scranton,PA,41.408969,-75.6624122
1590,South Abington Township,PA,41.4806912,-75.6848074
1591,State College,PA,40.7933949,-77.8600012
1592,Upper Darby,PA,39.9593175,-75.2878235
1593,Valley Forge,PA,40.1017506,-75.446922
1594,Wall,PA,8.9948685,-79.5081131
1595,Wallingford,PA,51.5974177,-1.1335613
1596,Warrington,PA,53.3900441,-2.5969501
1597,Washington,PA,47.7510741,-120.7401385
1598,Wayne,PA,40.9253725,-74.2765441
1599,West Chester,PA,39.9606643,-75.6054882
1600,West Conshohocken,PA,40.0698321,-75.3162951
1601,West Newton,PA,42.3497948,-71.2250533
1602,Wexford,PA,52.336916,-6.4633381
1603,Wilkes Barre,PA,41.2459149,-75.8813075
1604,Wilkes-Barre,PA,41.2459149,-75.8813075
1605,Williamsport,PA,41.2411897,-77.0010786
1606,Worcester,PA,42.2625932,-71.8022934
1607,Wynnewood,PA,39.9995913,-75.273018
1608,York,PA,53.9599651,-1.0872979
1609,Hato Rey,PR,18.4225782,-66.0509549
1610,San Juan,PR,18.4655394,-66.1057355
1611,Bristol,RI,41.6717648,-72.9492703
1612,East Providence,RI,41.8137116,-71.3700545
1613,Middletown,RI,41.5623209,-72.6506488
1614,Newport,RI,41.4901024,-71.3128285
1615,Pawtucket,RI,41.878711,-71.3825558
1616,Providence,RI,36.1651258,-94.1066492
1617,Smithfield,RI,36.9823709,-76.6310662
1618,Warwick,RI,41.7001009,-71.4161671
1619,Westerly,RI,41.3775987,-71.8272871
1620,Aiken,SC,33.5604168,-81.7195533
1621,Anderson,SC,40.4703378,-3.6663949
1622,Beaufort ,SC,32.4315813,-80.6698286
1623,Camden,SC,51.5454736,-0.1627902
1624,Charleston,SC,32.7764749,-79.9310512
1625,Clinton,SC,34.475331,-81.858956
1626,Columbia,SC,34.03117,-80.930021
1627,Duncan,SC,42.406912,-71.0680378
1628,Edgefield,SC,52.8646859,1.1167591
1629,Florence,SC,43.7695604,11.2558136
1630,Georgetown,SC,38.9076089,-77.0722585
1631,Greenville,SC,34.8526176,-82.3940104
1632,Greenwood,SC,-31.8248279,115.804795
1633,Hilton Head Island,SC,32.216316,-80.752608
1634,Inman,SC,35.0470617,-82.0901088
1635,Irmo,SC,34.0859829,-81.1831513
1636,Lyman,SC,34.9481741,-82.1273312
1637,Mount Pleasant,SC,32.8323225,-79.8284258
1638,North Charleston,SC,32.8771106,-80.0130514
1639,Rock Hill,SC,34.9248667,-81.0250784
1640,Spartanburg,SC,34.9495672,-81.9320482
1641,Summerville,SC,33.0185039,-80.1756481
1642,Tamassee,SC,34.8803697,-83.0195938
1643,Belle Fourche,SD,44.6713733,-103.852148
1644,Black Hawk,SD,44.155277,-103.317095
1645,Brookings,SD,44.303488,-96.782615
1646,Chamberlain,SD,43.763186,-99.320587
1647,Eagle Butte,SD,44.9886537,-101.2224805
1648,Rapid City,SD,44.0805434,-103.2310149
1649,Sioux Falls,SD,43.5473028,-96.728333
1650,Vermillion,SD,42.785033,-96.93149
1651,Brentwood,TN,51.620475,0.3071749
1652,Bristol,TN,51.454513,-2.58791
1653,Chattanooga,TN,35.0456297,-85.3096801
1654,Chattanooga ,TN,35.0456297,-85.3096801
1655,Cleveland,TN,41.49932,-81.6943605
1656,Cordova,TN,37.8881751,-4.7793835
1657,East Ridge,TN,34.9947441,-85.2256635
1658,Franklin,TN,34.7403595,10.7588094
1659,Germantown,TN,39.1731621,-77.2716502
1660,Goodlettsville,TN,36.3231066,-86.7133302
1661,Hixon,TN,52.831652,-1.998441
1662,Hixson,TN,35.137265,-85.2368219
1663,Hohenwald,TN,35.5478513,-87.5519628
1664,Jackson,TN,51.5552124,-0.073669
1665,Johnson City,TN,36.3134397,-82.3534727
1666,Kingsport,TN,36.548434,-82.5618186
1667,Kingston,TN,51.41233,-0.300689
1668,Knoxville,TN,35.9606384,-83.9207392
1669,Kodak,TN,35.9755,-83.627079
1670,Madisonville,TN,37.3281005,-87.4988882
1671,Maryville,TN,35.7564719,-83.9704593
1672,Memphis,TN,35.1495343,-90.0489801
1673,Morristown,TN,40.7967667,-74.4815438
1674,Murfreesboro,TN,35.8456213,-86.39027
1675,Nashville,TN,36.1626638,-86.7816016
1676,New Market,TN,34.9437669,9.5648646
1677,Oak Ridge,TN,36.0103561,-84.2696449
1678,Old Hickory,TN,39.7654533,-84.123764
1679,Pigeon Force,TN,35.7884241,-83.5543329
1680,Pigeon Forg,TN,35.7884241,-83.5543329
1681,Sevierville,TN,35.8681455,-83.561835
1682,Sewanee,TN,35.20518,-85.9176605
1683,Spring Hill,TN,35.751179,-86.9300023
1684,Abilene,TX,32.4487364,-99.7331439
1685,Addison,TX,32.96179,-96.8291685
1686,Aledo,TX,32.6959643,-97.6022471
1687,Allen,TX,33.1031744,-96.6705503
1688,Amarillo,TX,35.2219971,-101.8312969
1689,Angleton,TX,29.16941,-95.4318847
1690,Arlington,TX,32.735687,-97.1080656
1691,Austin,TX,30.267153,-97.7430608
1692,Baytown,TX,29.7355047,-94.9774274
1693,Beaumont,TX,30.080174,-94.1265562
1694,Bedford,TX,32.844017,-97.1430671
1695,Bellaire,TX,29.7057858,-95.4588299
1696,Belton,TX,31.0560132,-97.464453
1697,Boerne,TX,29.7946641,-98.7319703
1698,Boyd,TX,33.0787326,-97.5653027
1699,Brookshire,TX,29.7860643,-95.9510661
1700,Brownsville,TX,25.9017472,-97.4974838
1701,Bryan,TX,30.6743643,-96.3699632
1702,Burton,TX,40.7233615,-74.0010257
1703,Canyon,TX,36.8214734,-95.4405294
1704,Carrollton,TX,32.9756415,-96.8899636
1705,Cedar Park,TX,30.505198,-97.8202888
1706,Cleburne,TX,32.3476438,-97.3866837
1707,College Station,TX,30.627977,-96.3344068
1708,Conroe,TX,30.3118769,-95.4560512
1709,Corpus Christi,TX,27.8005828,-97.396381
1710,Dallas,TX,32.7766642,-96.7969879
1711,Denton,TX,33.2148412,-97.1330683
1712,Duncanville,TX,32.6518004,-96.9083366
1713,Edinburg,TX,26.3017374,-98.1633432
1714,El Paso,TX,31.7618778,-106.4850217
1715,Euless,TX,32.8370727,-97.0819541
1716,Fairfield,TX,41.1408363,-73.2612615
1717,Farmers Branch,TX,32.9265137,-96.8961151
1718,Flint,TX,43.0125274,-83.6874562
1719,Fort Worth,TX,32.7554883,-97.3307658
1720,Fredericksburg,TX,30.2752011,-98.8719843
1721,Frisco,TX,33.1506744,-96.8236116
1722,Galveston,TX,29.3013479,-94.7976958
1723,Garland,TX,32.912624,-96.6388833
1724,Georgetown,TX,38.9076089,-77.0722585
1725,Granbury,TX,32.4488736,-97.7905758
1726,Grand Prairie,TX,32.7459645,-96.9977846
1727,Grapevine,TX,32.9342919,-97.0780654
1728,Hitchcock,TX,29.3482905,-95.0160368
1729,Hockley,TX,30.026861,-95.8458562
1730,Houston,TX,29.7604267,-95.3698028
1731,Humble,TX,29.9988312,-95.2621553
1732,Irving,TX,32.8140177,-96.9488945
1733,Katy,TX,29.7857765,-95.8245093
1734,Keller,TX,32.9341893,-97.229298
1735,Keller ,TX,32.9341893,-97.229298
1736,Kendalia,TX,29.9691024,-98.5222441
1737,Kerrville,TX,30.0474332,-99.1403189
1738,La Porte,TX,29.6657838,-95.0193728
1739,League City,TX,29.5074538,-95.0949303
1740,Lewisville,TX,33.046233,-96.994174
1741,Lindale,TX,32.5156971,-95.4093998
1742,Longview,TX,32.5007037,-94.7404891
1743,Lozano,TX,26.1892413,-97.5410972
1744,Lubbock,TX,33.5778631,-101.8551665
1745,Marfa,TX,30.3094622,-104.020623
1746,McAllen,TX,26.2034071,-98.2300124
1747,McKinney,TX,33.1983388,-96.6389342
1748,Medina,TX,24.5246542,39.5691841
1749,Midland,TX,43.6155825,-84.2472116
1750,Missouri City,TX,29.6185669,-95.5377215
1751,Nacogdoches,TX,31.6035129,-94.6554874
1752,New Braunfels,TX,29.7030024,-98.1244531
1753,North Richland Hills,TX,32.8342952,-97.2289029
1754,Odessa,TX,46.482526,30.7233095
1755,Paradise,TX,39.7596061,-121.6219177
1756,Pharr,TX,26.1947962,-98.1836216
1757,Plano,TX,33.0198431,-96.6988856
1758,Richardson,TX,32.9483335,-96.7298519
1759,Rockport,TX,40.7647167,-73.978492
1760,Rockwall,TX,32.9312336,-96.4597089
1761,Round Rock,TX,30.5082551,-97.678896
1762,San Angelo,TX,31.4637723,-100.4370375
1763,San Antonia,TX,29.4241219,-98.4936282
1764,San Antonio,TX,29.4241219,-98.4936282
1765,San Benito,TX,36.5760883,-120.9876321
1766,Stafford,TX,38.4220687,-77.4083086
1767,Sugar Land,TX,29.5984434,-95.6225521
1768,Sweetwater,TX,41.1237364,-85.2123652
1769,Texarkana,TX,33.425125,-94.0476882
1770,Texas City,TX,29.383845,-94.9027002
1771,The Woodlands,TX,30.1658207,-95.4612625
1772,Tyler,TX,32.3512601,-95.3010624
1773,Victoria,TX,28.8052674,-97.0035982
1774,Waco,TX,31.549333,-97.1466695
1775,Weatherford,TX,32.7592955,-97.7972544
1776,Whitehouse,TX,36.223775,-93.110802
1777,Whitesboro,TX,33.6562183,-96.906948
1778,Wichita Falls,TX,33.9137085,-98.4933873
1779,Centerville,UT,39.6283928,-84.1593818
1780,Cottonwood Heights,UT,40.6183158,-111.8162931
1781,Draper,UT,40.5246711,-111.8638226
1782,Kanab,UT,37.0474855,-112.5263145
1783,Logan,UT,41.7369803,-111.8338359
1784,Monticello,UT,38.0086043,-78.4531994
1785,Murray,UT,40.6668916,-111.8879909
1786,Ogden,UT,41.223,-111.9738304
1787,Orem,UT,40.2968979,-111.6946475
1788,Park City,UT,40.6460622,-111.4979729
1789,Provo,UT,40.2338438,-111.6585337
1790,Salt Lake City,UT,40.7607793,-111.8910474
1791,Sandy,UT,40.5649781,-111.8389726
1792,South Jordan,UT,40.5621704,-111.929658
1793,South Ogden,UT,41.1761798,-111.9600418
1794,West Jordan,UT,40.6096698,-111.9391031
1795,Abingdon,VA,51.67078,-1.2879529
1796,Alexandria,VA,31.2000924,29.9187387
1797,Alexandria ,VA,31.2000924,29.9187387
1798,Annandale,VA,-33.8814,151.1707
1799,Arlington,VA,38.8816208,-77.0909809
1800,Bedford,VA,52.1386394,-0.4667782
1801,Big Island,VA,19.5429151,-155.6658568
1802,Blacksburg,VA,37.2295733,-80.4139393
1803,Bridgewater,VA,38.38671,-78.969
1804,Bristol,VA,51.454513,-2.58791
1805,Bristow,VA,38.729776,-77.534742
1806,Chantilly,VA,49.1938467,2.4852034
1807,Charlottesville,VA,38.0293059,-78.4766781
1808,Chesapeake,VA,36.7682088,-76.2874927
1809,Colonial Heights,VA,37.244039,-77.4102607
1810,Concord,VA,37.343633,-78.97489
1811,Culpeper,VA,38.4729632,-77.9962512
1812,Danville,VA,37.8215929,-121.9999606
1813,Dulles,VA,38.9531162,-77.4565388
1814,Dumfries,VA,55.070859,-3.60512
1815,Dunn Loring,VA,38.8934448,-77.2216481
1816,Fairfax,VA,38.854516,-77.305786
1817,Falls Church,VA,38.882334,-77.1710914
1818,Forest,VA,37.376719,-79.279411
1819,Fort Monroe,VA,37.0040553,-76.3073197
1820,Fort Myer,VA,38.883541,-77.0810889
1821,Fredericksburg,VA,30.2752011,-98.8719843
1822,Fredricksburg,VA,30.2752011,-98.8719843
1823,Front Royal,VA,38.9181671,-78.1944446
1824,Glen Allen,VA,37.665978,-77.5063739
1825,Goochland,VA,37.6841421,-77.885374
1826,Hampton,VA,37.0298687,-76.3452218
1827,Harrisonburg,VA,38.4495688,-78.8689155
1828,Lansdowne,VA,29.8377457,78.6871069
1829,Leesburg,VA,39.1156615,-77.5636015
1830,Lexington,VA,38.0405837,-84.5037164
1831,Lynchburg,VA,37.4137536,-79.1422464
1832,Manassas,VA,38.7509488,-77.4752667
1833,Mclean,VA,38.9338676,-77.1772604
1834,Mechanicsville,VA,37.6087561,-77.3733139
1835,Merriffield,VA,38.8742785,-77.2269262
1836,Merrifield,VA,38.8742785,-77.2269262
1837,Middleburg,VA,38.9687211,-77.7355496
1838,Midlothian,VA,55.8745653,-3.105353
1839,Millwood,VA,39.071228,-78.037628
1840,Montpelier Station,VA,51.4682579,-2.5889885
1841,Moseley,VA,37.416394,-77.705881
1842,Mount Vernon,VA,38.707982,-77.0861753
1843,Newport News,VA,37.0870821,-76.4730122
1844,Norfolk,VA,36.8507689,-76.2858726
1845,North Chesterfield,VA,37.458993,-77.468513
1846,Potomac Falls,VA,39.0366372,-77.4002206
1847,Purcellville,VA,39.1367717,-77.7147153
1848,Quantico,VA,38.522686,-77.290821
1849,Reston,VA,38.9586307,-77.3570028
1850,Richmond,VA,37.5407246,-77.4360481
1851,Richmond ,VA,37.5407246,-77.4360481
1852,Roanake,VA,37.2719126,-79.9411912
1853,Roanoke,VA,37.280038,-79.970248
1854,Salem,VA,42.51954,-70.8967155
1855,Springfield,VA,38.779268,-77.186676
1856,Stafford,VA,52.806693,-2.12066
1857,Sterling,VA,39.008476,-77.428863
1858,Stratford,VA,51.5471806,-0.0081304
1859,Suffolk,VA,52.1872472,0.9707801
1860,The Plains,VA,38.8620578,-77.7738827
1861,Triangle,VA,38.549104,-77.321566
1862,Verona,VA,45.4383842,10.9916215
1863,Vienna,VA,48.2081743,16.3738189
1864,Virginia Beach,VA,36.8529263,-75.977985
1865,Virginia Beach ,VA,36.8529263,-75.977985
1866,Warrenton,VA,38.7134516,-77.7952712
1867,Waynesboro,VA,38.0684692,-78.8894682
1868,Williamsburg,VA,40.7081156,-73.9570696
1869,Winchester,VA,39.177694,-78.176911
1870,Woodlawn,VA,36.741853,-80.819425
1871,Yorktown,VA,37.2387556,-76.5096731
1872,St. Thomas,VI,18.3380965,-64.8940946
1873,Barre,VT,36.1071525,-95.9751336
1874,Brattleboro,VT,42.8509152,-72.5578678
1875,Burlington,VT,36.0624198,-95.8889022
1876,Colchester,VT,51.895927,0.891874
1877,Manchester,VT,53.4807593,-2.2426305
1878,Middlebury,VT,44.0153371,-73.16734
1879,Montpelier,VT,38.2188244,-78.1684568
1880,Norwich,VT,41.5242649,-72.0759105
1881,Quechee,VT,43.646227,-72.4186105
1882,Richmond,VT,37.5407246,-77.4360481
1883,Shelburne,VT,44.3806065,-73.227626
1884,Shelburne ,VT,44.3806065,-73.227626
1885,South Burlington,VT,44.4669941,-73.1709604
1886,St. Johnsbury,VT,44.4192627,-72.0151184
1887,Waterbury,VT,41.5581525,-73.0514965
1888,Waterbury Center,VT,44.376896,-72.7189485
1889,Westminster,VT,39.8366528,-105.0372046
1890,Weston,VT,26.1003654,-80.3997748
1891,White River Junction,VT,43.6489596,-72.3192579
1892,Aberdeen,WA,57.149717,-2.094278
1893,Arlington,WA,32.735687,-97.1080656
1894,Bainbridge Island,WA,47.6248791,-122.5210007
1895,Bellevue,WA,47.6101497,-122.2015159
1896,Bellingham,WA,48.7519112,-122.4786854
1897,Blaine,WA,45.1607987,-93.2349489
1898,Bonney Lake,WA,47.1770457,-122.1865055
1899,Bremerton,WA,47.5650067,-122.6269768
1900,Burlington,WA,36.0624198,-95.8889022
1901,Coupeville,WA,48.2198208,-122.6862804
1902,Edmonds,WA,47.8106521,-122.3773551
1903,Everett,WA,47.9789848,-122.2020795
1904,Federal Way,WA,47.3223221,-122.3126222
1905,Issaquah,WA,47.5301011,-122.0326191
1906,Kennewick,WA,46.2086683,-119.119948
1907,Kirkland,WA,36.0435705,-96.0040887
1908,Lakewood,WA,39.7047095,-105.0813734
1909,Lynnwood,WA,47.8209301,-122.3151314
1910,Monroe,WA,47.8553772,-121.970958
1911,North Bend,WA,47.4956579,-121.7867775
1912,Olympia,WA,47.0378741,-122.9006951
1913,Pasco,WA,46.2305049,-119.0922316
1914,Port Angeles,WA,48.118146,-123.4307413
1915,Port Townsend,WA,48.1170387,-122.7604471
1916,Prescott,WA,34.5400242,-112.4685025
1917,Redmond,WA,47.6739881,-122.121512
1918,Renton,WA,47.4796927,-122.2079218
1919,Richland,WA,46.28042,-119.2751996
1920,Seattle,WA,47.6062095,-122.3320708
1921,Seattle ,WA,47.6062095,-122.3320708
1922,Sedro-Woolley,WA,48.50389,-122.2361101
1923,Silverdale,WA,47.6445386,-122.6948697
1924,Spokane,WA,47.6587802,-117.4260465
1925,Spokane Valley,WA,47.6732281,-117.2393748
1926,Stanwood,WA,48.2410895,-122.3706837
1927,Sultan,WA,40.8132627,-96.7021827
1928,Tacoma,WA,47.2528768,-122.4442906
1929,Tenino,WA,46.8567662,-122.8529093
1930,Vancouver,WA,49.2827291,-123.1207375
1931,Vashon Island,WA,47.4473204,-122.4598502
1932,Walla Walla,WA,46.0645809,-118.3430208
1933,Appleton,WI,44.2619309,-88.4153847
1934,Baraboo,WI,43.4710944,-89.7442906
1935,Brookfield,WI,39.0203139,-95.7641518
1936,Eau Claire,WI,44.811349,-91.4984941
1937,Green Bay,WI,44.5133188,-88.0132958
1938,Greendale,WI,42.9405711,-87.9959191
1939,Hudson,WI,42.3788592,-73.7983898
1940,Janesville,WI,42.6827885,-89.0187222
1941,La Crosse,WI,43.8137751,-91.2519017
1942,Madison,WI,43.0730517,-89.4012302
1943,Manitosh Waters,WI,46.1375457,-89.8854042
1944,McNaughton,WI,41.6772067,-85.9944689
1945,Menasha,WI,44.2022084,-88.4464973
1946,Menomonee Falls,WI,43.1788967,-88.1173132
1947,Middleton,WI,43.0972174,-89.5042876
1948,Milwaukee,WI,43.0389025,-87.9064736
1949,Minocqua,WI,45.8710837,-89.7092705
1950,Neenah,WI,44.1858193,-88.462609
1951,New London,WI,41.3556539,-72.0995209
1952,Newburg,WI,41.5034271,-74.0104178
1953,Onalaska,WI,43.8844092,-91.2351393
1954,Oshkosh,WI,36.0600146,-95.8809807
1955,Racine,WI,42.7261309,-87.7828523
1956,Sheboygan,WI,43.7508284,-87.71453
1957,Spring Valley,WI,41.1131514,-74.0437521
1958,Stevens Point,WI,44.5235792,-89.574563
1959,Sturgeon Bay,WI,44.8341639,-87.3770419
1960,Suring,WI,44.9991553,-88.3720464
1961,Waldo,WI,38.9938949,-94.5919007
1962,Watertown,WI,42.3709299,-71.1828321
1963,Waukesha,WI,43.0116784,-88.2314813
1964,Wausau,WI,44.9591352,-89.6301221
1965,Wauwatosa,WI,43.0494572,-88.0075875
1966,West Bend,WI,43.4252776,-88.1834277
1967,Charles Town,WV,39.2889903,-77.8597175
1968,Charleston,WV,32.7764749,-79.9310512
1969,Clarksburg,WV,39.2806451,-80.3445341
1970,Harpers Ferry,WV,39.3253786,-77.7388818
1971,Huntingon,WV,38.4192417,-82.4424294
1972,Huntington,WV,36.311256,-94.188484
1973,Lewisburg,WV,40.9645293,-76.8844101
1974,Martinsburg,WV,39.4562099,-77.9638869
1975,Morgantown,WV,39.629526,-79.9558968
1976,Casper,WY,40.7107883,-74.0116965
1977,Cheyenne,WY,41.1399814,-104.8202462
1978,Cody,WY,44.5263422,-109.0565308
1979,Jackson,WY,32.2987573,-90.1848103
1980,Jackson,WY,37.0328728,-95.6316455
1981,Lander,WY,42.833014,-108.7306725
1982,Rock Springs,WY,28.7470494,-81.477209
1983,Wilson,WY,43.3097775,-78.8261499
1984,Yellowstone National Park,WY,44.427963,-110.588455
